method,subset,label,n_seeds,prevalence_mean,prevalence_sd,f1_mean,f1_sd
RCUF-3 (paper),accepted,NORM,5,0.4495449949443883,0.006428782349448655,0.863911349752108,0.0050921195794900054
RCUF-3 (paper),accepted,MI,5,0.24732052578361982,0.0026366844914874218,0.7066349765621662,0.011907338612834906
RCUF-3 (paper),accepted,STTC,5,0.23387259858442871,0.0066361524057069405,0.7573116369261678,0.015446430427059281
RCUF-3 (paper),accepted,CD,5,0.22709807886754302,0.004066547533304378,0.7427738215376599,0.012144262353151533
RCUF-3 (paper),accepted,HYP,5,0.11880687563195147,0.0035389282103134483,0.47968388155727854,0.022839971673505113
RCUF-3 (paper),rejected,NORM,5,0.33545454545454545,0.05780059766913393,0.5690403894663687,0.06442343183810151
RCUF-3 (paper),rejected,MI,5,0.27636363636363637,0.023706190564373265,0.4477800859077285,0.13276271263246692
RCUF-3 (paper),rejected,STTC,5,0.2654545454545455,0.05966504299312874,0.5228942613479396,0.09038758761552264
RCUF-3 (paper),rejected,CD,5,0.2127272727272727,0.03656195918580037,0.42505434546324067,0.07342644555359387
RCUF-3 (paper),rejected,HYP,5,0.12272727272727271,0.03181818181818182,0.16711734991580948,0.02097047318937424
RCUF-TA (revision),accepted,NORM,5,0.4534883720930233,0.005480152524944087,0.863782506405449,0.0028590302354338432
RCUF-TA (revision),accepted,MI,5,0.24509605662285136,0.0056568658162585855,0.7070730370805423,0.013546032248784258
RCUF-TA (revision),accepted,STTC,5,0.23134479271991912,0.00304597984456867,0.7604681641611076,0.014686209923875539
RCUF-TA (revision),accepted,CD,5,0.22446916076845297,0.00475603835243346,0.7447611788710341,0.005823461638345895
RCUF-TA (revision),accepted,HYP,5,0.11809908998988876,0.004085359727166215,0.47904176210350896,0.022477407637644636
RCUF-TA (revision),rejected,NORM,5,0.29999999999999993,0.04927155315608818,0.5214158159853628,0.07755634189029183
RCUF-TA (revision),rejected,MI,5,0.2963636363636364,0.050860366293452246,0.4896124532390024,0.06135227876055962
RCUF-TA (revision),rejected,STTC,5,0.28818181818181815,0.02738612787525831,0.5542345146458527,0.04421207539601595
RCUF-TA (revision),rejected,CD,5,0.2363636363636364,0.04276110845960632,0.4750666374729079,0.09159218944768642
RCUF-TA (revision),rejected,HYP,5,0.1290909090909091,0.03673109791061259,0.23861375108076427,0.017521887244716594
