seed,method,subset,label,n_records,prevalence,f1
1,RCUF-3 (paper),accepted,NORM,1978,0.4539939332659252,0.8645833333333334
1,RCUF-3 (paper),accepted,MI,1978,0.24570273003033366,0.7056179775280899
1,RCUF-3 (paper),accepted,STTC,1978,0.23154701718907988,0.7589743589743589
1,RCUF-3 (paper),accepted,CD,1978,0.2275025278058645,0.7390817469204927
1,RCUF-3 (paper),accepted,HYP,1978,0.11324570273003033,0.4867469879518072
1,RCUF-3 (paper),rejected,NORM,220,0.29545454545454547,0.5038167938931297
1,RCUF-3 (paper),rejected,MI,220,0.2909090909090909,0.21333333333333335
1,RCUF-3 (paper),rejected,STTC,220,0.2863636363636364,0.6101694915254238
1,RCUF-3 (paper),rejected,CD,220,0.20909090909090908,0.4772727272727273
1,RCUF-3 (paper),rejected,HYP,220,0.17272727272727273,0.14285714285714285
1,RCUF-TA (revision),accepted,NORM,1978,0.4570273003033367,0.8652263374485597
1,RCUF-TA (revision),accepted,MI,1978,0.2416582406471183,0.6923076923076923
1,RCUF-TA (revision),accepted,STTC,1978,0.2269969666329626,0.7648902821316614
1,RCUF-TA (revision),accepted,CD,1978,0.22649140546006066,0.7465753424657534
1,RCUF-TA (revision),accepted,HYP,1978,0.11172901921132457,0.4839506172839506
1,RCUF-TA (revision),rejected,NORM,220,0.2681818181818182,0.411214953271028
1,RCUF-TA (revision),rejected,MI,220,0.32727272727272727,0.4672897196261682
1,RCUF-TA (revision),rejected,STTC,220,0.32727272727272727,0.5882352941176471
1,RCUF-TA (revision),rejected,CD,220,0.21818181818181817,0.45714285714285713
1,RCUF-TA (revision),rejected,HYP,220,0.18636363636363637,0.23076923076923078
2,RCUF-3 (paper),accepted,NORM,1978,0.44641051567239637,0.8651262761955938
2,RCUF-3 (paper),accepted,MI,1978,0.2517694641051567,0.7077464788732394
2,RCUF-3 (paper),accepted,STTC,1978,0.2320525783619818,0.7564356435643564
2,RCUF-3 (paper),accepted,CD,1978,0.23356926188068755,0.7286973555337904
2,RCUF-3 (paper),accepted,HYP,1978,0.11931243680485339,0.5018867924528302
2,RCUF-3 (paper),rejected,NORM,220,0.36363636363636365,0.6138613861386139
2,RCUF-3 (paper),rejected,MI,220,0.23636363636363636,0.49586776859504134
2,RCUF-3 (paper),rejected,STTC,220,0.2818181818181818,0.5826771653543307
2,RCUF-3 (paper),rejected,CD,220,0.15454545454545454,0.375
2,RCUF-3 (paper),rejected,HYP,220,0.11818181818181818,0.15789473684210525
2,RCUF-TA (revision),accepted,NORM,1978,0.4448938321536906,0.8649225840896957
2,RCUF-TA (revision),accepted,MI,1978,0.25480283114256824,0.7164179104477612
2,RCUF-TA (revision),accepted,STTC,1978,0.23255813953488372,0.7555110220440882
2,RCUF-TA (revision),accepted,CD,1978,0.23053589484327602,0.7362086258776329
2,RCUF-TA (revision),accepted,HYP,1978,0.12032355915065723,0.4971537001897533
2,RCUF-TA (revision),rejected,NORM,220,0.37727272727272726,0.6
2,RCUF-TA (revision),rejected,MI,220,0.20909090909090908,0.4067796610169492
2,RCUF-TA (revision),rejected,STTC,220,0.2772727272727273,0.60431654676259
2,RCUF-TA (revision),rejected,CD,220,0.18181818181818182,0.38636363636363635
2,RCUF-TA (revision),rejected,HYP,220,0.10909090909090909,0.24390243902439024
3,RCUF-3 (paper),accepted,NORM,1978,0.4580384226491405,0.8574358974358974
3,RCUF-3 (paper),accepted,MI,1978,0.24570273003033366,0.7223880597014926
3,RCUF-3 (paper),accepted,STTC,1978,0.2249747219413549,0.738581146744412
3,RCUF-3 (paper),accepted,CD,1978,0.224469160768453,0.7357293868921776
3,RCUF-3 (paper),accepted,HYP,1978,0.11830131445904954,0.44206008583690987
3,RCUF-3 (paper),rejected,NORM,220,0.2590909090909091,0.49572649572649574
3,RCUF-3 (paper),rejected,MI,220,0.2909090909090909,0.5233644859813084
3,RCUF-3 (paper),rejected,STTC,220,0.34545454545454546,0.5714285714285714
3,RCUF-3 (paper),rejected,CD,220,0.23636363636363636,0.5203252032520326
3,RCUF-3 (paper),rejected,HYP,220,0.12727272727272726,0.15789473684210525
3,RCUF-TA (revision),accepted,NORM,1978,0.45551061678463095,0.8629283489096573
3,RCUF-TA (revision),accepted,MI,1978,0.243680485338726,0.7208835341365462
3,RCUF-TA (revision),accepted,STTC,1978,0.2295247724974722,0.74573055028463
3,RCUF-TA (revision),accepted,CD,1978,0.22598584428715873,0.7415966386554622
3,RCUF-TA (revision),accepted,HYP,1978,0.11678463094034378,0.4400871459694989
3,RCUF-TA (revision),rejected,NORM,220,0.2818181818181818,0.48226950354609927
3,RCUF-TA (revision),rejected,MI,220,0.3090909090909091,0.5517241379310345
3,RCUF-TA (revision),rejected,STTC,220,0.30454545454545456,0.5056179775280899
3,RCUF-TA (revision),rejected,CD,220,0.22272727272727272,0.46153846153846156
3,RCUF-TA (revision),rejected,HYP,220,0.1409090909090909,0.2222222222222222
4,RCUF-3 (paper),accepted,NORM,1978,0.4418604651162791,0.8612391193036354
4,RCUF-3 (paper),accepted,MI,1978,0.24772497472194135,0.6889352818371608
4,RCUF-3 (paper),accepted,STTC,1978,0.2416582406471183,0.781099324975892
4,RCUF-3 (paper),accepted,CD,1978,0.2269969666329626,0.7583965330444203
4,RCUF-3 (paper),accepted,HYP,1978,0.12032355915065723,0.47703180212014135
4,RCUF-3 (paper),rejected,NORM,220,0.40454545454545454,0.6328125
4,RCUF-3 (paper),rejected,MI,220,0.2727272727272727,0.5294117647058824
4,RCUF-3 (paper),rejected,STTC,220,0.19545454545454546,0.4266666666666667
4,RCUF-3 (paper),rejected,CD,220,0.21363636363636362,0.4117647058823529
4,RCUF-3 (paper),rejected,HYP,220,0.10909090909090909,0.1951219512195122
4,RCUF-TA (revision),accepted,NORM,1978,0.4585439838220425,0.8592375366568915
4,RCUF-TA (revision),accepted,MI,1978,0.24064711830131447,0.6928104575163399
4,RCUF-TA (revision),accepted,STTC,1978,0.23306370070778565,0.7836734693877551
4,RCUF-TA (revision),accepted,CD,1978,0.21890798786653184,0.75
4,RCUF-TA (revision),accepted,HYP,1978,0.11931243680485339,0.4835164835164835
4,RCUF-TA (revision),rejected,NORM,220,0.2545454545454545,0.5276073619631901
4,RCUF-TA (revision),rejected,MI,220,0.33636363636363636,0.5492957746478874
4,RCUF-TA (revision),rejected,STTC,220,0.2727272727272727,0.5606060606060606
4,RCUF-TA (revision),rejected,CD,220,0.2863636363636364,0.6299212598425197
4,RCUF-TA (revision),rejected,HYP,220,0.11818181818181818,0.22950819672131148
5,RCUF-3 (paper),accepted,NORM,1978,0.44742163801820023,0.8711721224920802
5,RCUF-3 (paper),accepted,MI,1978,0.24570273003033366,0.7084870848708487
5,RCUF-3 (paper),accepted,STTC,1978,0.2391304347826087,0.7514677103718199
5,RCUF-3 (paper),accepted,CD,1978,0.22295247724974723,0.7519640852974186
5,RCUF-3 (paper),accepted,HYP,1978,0.12285136501516683,0.4906937394247039
5,RCUF-3 (paper),rejected,NORM,220,0.35454545454545455,0.5989847715736041
5,RCUF-3 (paper),rejected,MI,220,0.2909090909090909,0.47692307692307695
5,RCUF-3 (paper),rejected,STTC,220,0.21818181818181817,0.4235294117647059
5,RCUF-3 (paper),rejected,CD,220,0.25,0.3409090909090909
5,RCUF-3 (paper),rejected,HYP,220,0.08636363636363636,0.18181818181818182
5,RCUF-TA (revision),accepted,NORM,1978,0.45146612740141556,0.8665977249224406
5,RCUF-TA (revision),accepted,MI,1978,0.24469160768452983,0.7129455909943715
5,RCUF-TA (revision),accepted,STTC,1978,0.2345803842264914,0.7525354969574036
5,RCUF-TA (revision),accepted,CD,1978,0.2204246713852376,0.7494252873563219
5,RCUF-TA (revision),accepted,HYP,1978,0.12234580384226491,0.4905008635578584
5,RCUF-TA (revision),rejected,NORM,220,0.3181818181818182,0.5859872611464968
5,RCUF-TA (revision),rejected,MI,220,0.3,0.47297297297297297
5,RCUF-TA (revision),rejected,STTC,220,0.2590909090909091,0.512396694214876
5,RCUF-TA (revision),rejected,CD,220,0.2727272727272727,0.44036697247706424
5,RCUF-TA (revision),rejected,HYP,220,0.09090909090909091,0.26666666666666666
