seed,subset,n_records,sample_f1_loss,exact_match_error,brier,nll,macro_f1
1,all,2198,0.2720828458772044,0.4194722474977252,0.11186588058597649,0.3544799913248544,0.6845092421257435
1,accepted,1978,0.23362222543213443,0.38473205257836196,0.10401011439135219,0.33384063008955617,0.7110008809416164
1,rejected,220,0.6178787878787879,0.7318181818181818,0.18249636028128044,0.540046611885854,0.38948989777635135
2,all,2198,0.26469734390571514,0.4767970882620564,0.1221322311750149,0.38331835090087263,0.6903217900650616
2,accepted,1978,0.23973951562424767,0.4524772497472194,0.1144509080165146,0.3633978305136097,0.7119785093239621
2,rejected,220,0.4890909090909091,0.6954545454545454,0.1911943093909857,0.5624219387463547,0.44506021138601826
3,all,2198,0.27047749035920104,0.4731574158325751,0.11760825737319673,0.36996605898882684,0.6765635760671647
3,accepted,1978,0.24152823920265784,0.4408493427704752,0.10976614177399575,0.34909044831607366,0.6992389153221779
3,rejected,220,0.5307575757575758,0.7636363636363637,0.18811600580601284,0.557656776764762,0.45374789864610265
4,all,2198,0.2590666839984402,0.456778889899909,0.11978277935875169,0.3755036133316995,0.6916295263903187
4,accepted,1978,0.23518465019981707,0.43427704752275026,0.11228240936685137,0.3555681436973267,0.7133404122562499
4,rejected,220,0.4737878787878788,0.6590909090909091,0.18721792410411012,0.5547416084989242,0.4391555176948828
5,all,2198,0.26599506044456,0.4699727024567789,0.12015847826167132,0.37576520318878803,0.6889760588677898
5,accepted,1978,0.2357552120949492,0.4448938321536906,0.11145617020822317,0.35335952802557247,0.7147569484913743
5,rejected,220,0.537878787878788,0.6954545454545454,0.19840013885130967,0.5772125917016999,0.4044329065977319
