seed,method,macro_f1_90,risk_90,error_ratio_90,coarse_paurc
1,RCUF-3 (paper),0.6899965714017384,0.23377379728869968,2.5626228474795476,0.10349621663636552
1,RCUF-TA (revision),0.6909776980962448,0.22997112514070375,2.7539689295594814,0.10162068559344882
2,RCUF-3 (paper),0.6960993316179391,0.2403024519160182,2.139793109742805,0.10679716760133412
2,RCUF-TA (revision),0.6963831675056296,0.24228943375911519,2.048361286731618,0.10712947321298785
3,RCUF-3 (paper),0.6964666445858658,0.23748348260167382,2.063821245253496,0.1048908824431829
3,RCUF-TA (revision),0.696665365065026,0.23617187882347185,2.125316687887921,0.1051425984179263
4,RCUF-3 (paper),0.7010311063478385,0.24052268389370138,2.1750470254163337,0.10463203721892864
4,RCUF-TA (revision),0.6990173211025237,0.24151617481524984,2.129039726873523,0.10406041600772623
5,RCUF-3 (paper),0.6981269395772373,0.24408554788822004,2.1255955749228796,0.10738546975891874
5,RCUF-TA (revision),0.7022269010509755,0.23812460235892918,2.4043331034503757,0.106290698600613
