seed,method,threshold,calibration_coverage_target,test_coverage,test_rejection_rate,accepted_macro_f1,accepted_risk,rejected_risk,error_ratio
1,RCUF-3 (paper),0.8887861983980283,0.9,0.8935395814376706,0.10646041856232939,0.7132724770822085,0.2310445155659005,0.6165242165242166,2.668421775838978
1,RCUF-TA (revision),0.8550523721503389,0.9,0.8953594176524113,0.10464058234758872,0.7117865008082018,0.23062572590011615,0.6268115942028986,2.717873696685383
2,RCUF-3 (paper),0.8909426987060999,0.9,0.8794358507734303,0.1205641492265696,0.7167431380495114,0.23426699184588473,0.4866666666666667,2.077401783460924
2,RCUF-TA (revision),0.8738447319778189,0.9,0.8889899909008189,0.11101000909918107,0.7163839596360942,0.23515621192182093,0.5012685402029664,2.1316406490236206
3,RCUF-3 (paper),0.8955637707948245,0.9,0.902638762511374,0.09736123748862602,0.6990650583411105,0.2418058755760369,0.5362928348909657,2.2178651929503097
3,RCUF-TA (revision),0.8781577325939618,0.9,0.899909008189263,0.10009099181073704,0.7022452435911589,0.2380350522413212,0.5621645021645022,2.3616878979427653
4,RCUF-3 (paper),0.8900184842883548,0.9,0.8867151956323931,0.11328480436760692,0.7166477870021188,0.2309878081555865,0.4788487282463187,2.073047629958809
4,RCUF-TA (revision),0.8690696241528035,0.9,0.9040036396724295,0.09599636032757052,0.7139642658486676,0.23329738538596112,0.5017377567140601,2.1506360042741077
5,RCUF-3 (paper),0.8927911275415896,0.9,0.8935395814376706,0.10646041856232939,0.715177434181629,0.2353142275240035,0.5235042735042735,2.224703023750967
5,RCUF-TA (revision),0.8679913739987677,0.9,0.8967242948134668,0.10327570518653321,0.7151749828970991,0.2336667391461912,0.5466960352422907,2.339639938657491
