seed,label,raw_event_probability_ece,calibrated_event_probability_ece
1,NORM,0.06717406655093489,0.057587629453767004
1,MI,0.07765823795025549,0.0771554778826316
1,STTC,0.08741446184951948,0.09593717907483654
1,CD,0.07917074211063999,0.10008888806452546
1,HYP,0.1477789063138077,0.1593758447597731
2,NORM,0.04885363646945586,0.025691118232707862
2,MI,0.10220214381019686,0.11530048588410645
2,STTC,0.08364028162867515,0.08251499008492738
2,CD,0.1343418888554035,0.15395722690478908
2,HYP,0.19945318587405195,0.2182486252164614
3,NORM,0.07904401508540945,0.07394848056920611
3,MI,0.06601306685676785,0.07511696195242436
3,STTC,0.0682168904965009,0.07004793070542407
3,CD,0.08140532952994378,0.09441956684450663
3,HYP,0.21797435159196,0.22925855752720284
4,NORM,0.06118828743724684,0.0433364618213458
4,MI,0.056438100698169166,0.07320724065482069
4,STTC,0.10624378348979377,0.11304448776757196
4,CD,0.10477074020412397,0.12616690361489777
4,HYP,0.21515664448096325,0.23066481473934927
5,NORM,0.04654439820985739,0.032662131045902806
5,MI,0.09319119112673178,0.10586946371436215
5,STTC,0.11529237618517083,0.12516355638383259
5,CD,0.07324150003012378,0.08987777741900914
5,HYP,0.2020609088477583,0.2150777030471044
