seed,method,coverage,accepted_count,risk
1,MSP,0.5,1099,0.1464794835131505
1,MSP,0.51,1121,0.14657831018223527
1,MSP,0.52,1143,0.14751906011748536
1,MSP,0.53,1165,0.1499407316574699
1,MSP,0.54,1187,0.15236490552413054
1,MSP,0.55,1209,0.15610697546181426
1,MSP,0.56,1231,0.16065529379907947
1,MSP,0.57,1253,0.16078744346900786
1,MSP,0.58,1275,0.16369374416433258
1,MSP,0.59,1297,0.16403421815912195
1,MSP,0.6,1319,0.1682046283259325
1,MSP,0.61,1341,0.17106281737154239
1,MSP,0.62,1363,0.172997239981833
1,MSP,0.63,1385,0.17366683857658607
1,MSP,0.64,1407,0.17605171421802573
1,MSP,0.65,1429,0.17663034423006455
1,MSP,0.66,1451,0.17928194020544141
1,MSP,0.67,1473,0.18119807325509982
1,MSP,0.68,1495,0.18417263895524771
1,MSP,0.69,1517,0.18613805443073736
1,MSP,0.7,1539,0.18906525573192234
1,MSP,0.71,1561,0.19248650132698805
1,MSP,0.72,1583,0.19654964955028112
1,MSP,0.73,1605,0.19852840824803422
1,MSP,0.74,1627,0.19947024907074054
1,MSP,0.75,1648,0.20129738788719345
1,MSP,0.76,1670,0.20383518676931814
1,MSP,0.77,1692,0.20681920522346015
1,MSP,0.78,1714,0.20881257987442306
1,MSP,0.79,1736,0.211542681588764
1,MSP,0.8,1758,0.2145836719215553
1,MSP,0.81,1780,0.215770465489566
1,MSP,0.82,1802,0.2172057502246175
1,MSP,0.83,1824,0.21908155806182053
1,MSP,0.84,1846,0.22100294072124987
1,MSP,0.85,1868,0.2231645763230338
1,MSP,0.86,1890,0.22435878054925593
1,MSP,0.87,1912,0.2264146244271759
1,MSP,0.88,1934,0.22894075934406766
1,MSP,0.89,1956,0.2296036615055011
1,MSP,0.9,1978,0.2336222254321335
1,MSP,0.91,2000,0.23588571428571334
1,MSP,0.92,2022,0.2389242145918694
1,MSP,0.93,2044,0.241408070077345
1,MSP,0.94,2066,0.2444037247038205
1,MSP,0.95,2088,0.24677750410508928
1,MSP,0.96,2110,0.2522297449785592
1,MSP,0.97,2132,0.25541186455820514
1,MSP,0.98,2154,0.26154662422071806
1,MSP,0.99,2176,0.2659488795518199
1,MSP,1.0,2198,0.2720828458772036
1,Entropy,0.5,1099,0.15271025607695307
1,Entropy,0.51,1121,0.15435198164903785
1,Entropy,0.52,1143,0.1558138566012582
1,Entropy,0.53,1165,0.1565910484365421
1,Entropy,0.54,1187,0.1586312031130903
1,Entropy,0.55,1209,0.16015597305919899
1,Entropy,0.56,1231,0.16070558198909143
1,Entropy,0.57,1253,0.16251282635959424
1,Entropy,0.58,1275,0.16481419234360425
1,Entropy,0.59,1297,0.16701178543892514
1,Entropy,0.6,1319,0.16799884472363638
1,Entropy,0.61,1341,0.17027094208302282
1,Entropy,0.62,1363,0.17289242916535677
1,Entropy,0.63,1385,0.17378029912325962
1,Entropy,0.64,1407,0.1767489085186316
1,Entropy,0.65,1429,0.1785764270718787
1,Entropy,0.66,1451,0.17749991795477693
1,Entropy,0.67,1473,0.17917757734458367
1,Entropy,0.68,1495,0.18280617932791862
1,Entropy,0.69,1517,0.18619769595379362
1,Entropy,0.7,1539,0.19014821003125104
1,Entropy,0.71,1561,0.19144016350934995
1,Entropy,0.72,1583,0.19256986433234058
1,Entropy,0.73,1605,0.19138406764574978
1,Entropy,0.74,1627,0.19248397576608994
1,Entropy,0.75,1648,0.19541146555709643
1,Entropy,0.76,1670,0.19732820074137414
1,Entropy,0.77,1692,0.20004221546774706
1,Entropy,0.78,1714,0.20439795521475762
1,Entropy,0.79,1736,0.2050910686855383
1,Entropy,0.8,1758,0.2086488975567469
1,Entropy,0.81,1780,0.2106768325307646
1,Entropy,0.82,1802,0.21450504730193906
1,Entropy,0.83,1824,0.21504281537176212
1,Entropy,0.84,1846,0.21800546870969342
1,Entropy,0.85,1868,0.22079127154073552
1,Entropy,0.86,1890,0.22344167296548176
1,Entropy,0.87,1912,0.2258393106196446
1,Entropy,0.88,1934,0.22713103855813188
1,Entropy,0.89,1956,0.23028532476385155
1,Entropy,0.9,1978,0.23412778660503553
1,Entropy,0.91,2000,0.2370523809523801
1,Entropy,0.92,2022,0.23966605435448077
1,Entropy,0.93,2044,0.24148960954244617
1,Entropy,0.94,2066,0.24448439588807352
1,Entropy,0.95,2088,0.2490923189199042
1,Entropy,0.96,2110,0.2523877228616557
1,Entropy,0.97,2132,0.2550209952648969
1,Entropy,0.98,2154,0.25984436485829165
1,Entropy,0.99,2176,0.2657956932773102
1,Entropy,1.0,2198,0.27208284587720366
1,Logit magnitude,0.5,1099,0.15011915594263187
1,Logit magnitude,0.51,1121,0.15295017204027025
1,Logit magnitude,0.52,1143,0.15496396283797864
1,Logit magnitude,0.53,1165,0.15773145309626005
1,Logit magnitude,0.54,1187,0.15873951939663827
1,Logit magnitude,0.55,1209,0.16131789357595822
1,Logit magnitude,0.56,1231,0.1644462496615219
1,Logit magnitude,0.57,1253,0.16781058792231993
1,Logit magnitude,0.58,1275,0.16967320261437924
1,Logit magnitude,0.59,1297,0.169886551382311
1,Logit magnitude,0.6,1319,0.17191234340589936
1,Logit magnitude,0.61,1341,0.17329285181634202
1,Logit magnitude,0.62,1363,0.17477553016804695
1,Logit magnitude,0.63,1385,0.1760976448341072
1,Logit magnitude,0.64,1407,0.17907740210512096
1,Logit magnitude,0.65,1429,0.18005265087140554
1,Logit magnitude,0.66,1451,0.18044698237668627
1,Logit magnitude,0.67,1473,0.1802637959460772
1,Logit magnitude,0.68,1495,0.18386048733874832
1,Logit magnitude,0.69,1517,0.1851492607590169
1,Logit magnitude,0.7,1539,0.18683436987530552
1,Logit magnitude,0.71,1561,0.18847198072053925
1,Logit magnitude,0.72,1583,0.19094847035466098
1,Logit magnitude,0.73,1605,0.19300400534045375
1,Logit magnitude,0.74,1627,0.19502443878596282
1,Logit magnitude,0.75,1648,0.19709026814609312
1,Logit magnitude,0.76,1670,0.1989848873681206
1,Logit magnitude,0.77,1692,0.20209107283575337
1,Logit magnitude,0.78,1714,0.20523420570094977
1,Logit magnitude,0.79,1736,0.20747202106649068
1,Logit magnitude,0.8,1758,0.20745435830760017
1,Logit magnitude,0.81,1780,0.20912252541465973
1,Logit magnitude,0.82,1802,0.2140610961365673
1,Logit magnitude,0.83,1824,0.2164499791144522
1,Logit magnitude,0.84,1846,0.21955837589640345
1,Logit magnitude,0.85,1868,0.22286122157642435
1,Logit magnitude,0.86,1890,0.22494079113126664
1,Logit magnitude,0.87,1912,0.2271294082486544
1,Logit magnitude,0.88,1934,0.2298887083271771
1,Logit magnitude,0.89,1956,0.23267114616807794
1,Logit magnitude,0.9,1978,0.23395926621406826
1,Logit magnitude,0.91,2000,0.2360523809523801
1,Logit magnitude,0.92,2022,0.24090245395883292
1,Logit magnitude,0.93,2044,0.24303885937936728
1,Logit magnitude,0.94,2066,0.24722721615267507
1,Logit magnitude,0.95,2088,0.24973088852399108
1,Logit magnitude,0.96,2110,0.2519137892123666
1,Logit magnitude,0.97,2132,0.25502099526489697
1,Logit magnitude,0.98,2154,0.2598443648582917
1,Logit magnitude,0.99,2176,0.2661020658263298
1,Logit magnitude,1.0,2198,0.2720828458772037
1,RCUF-3 (paper),0.5,1099,0.15086008925863337
1,RCUF-3 (paper),0.51,1121,0.15278450363196128
1,RCUF-3 (paper),0.52,1143,0.15345998416864562
1,RCUF-3 (paper),0.53,1165,0.15802983854486008
1,RCUF-3 (paper),0.54,1187,0.15889998796485746
1,RCUF-3 (paper),0.55,1209,0.16193627161369106
1,RCUF-3 (paper),0.56,1231,0.1625352984410662
1,RCUF-3 (paper),0.57,1253,0.1632881085395053
1,RCUF-3 (paper),0.58,1275,0.16551633986928116
1,RCUF-3 (paper),0.59,1297,0.16601314388515634
1,RCUF-3 (paper),0.6,1319,0.16678219430304356
1,RCUF-3 (paper),0.61,1341,0.1697134334718229
1,RCUF-3 (paper),0.62,1363,0.17078922544806643
1,RCUF-3 (paper),0.63,1385,0.17241533436479306
1,RCUF-3 (paper),0.64,1407,0.17308356178292236
1,RCUF-3 (paper),0.65,1429,0.17496750974707617
1,RCUF-3 (paper),0.66,1451,0.17716189163466936
1,RCUF-3 (paper),0.67,1473,0.1790644295735948
1,RCUF-3 (paper),0.68,1495,0.18234432234432257
1,RCUF-3 (paper),0.69,1517,0.18567661738393465
1,RCUF-3 (paper),0.7,1539,0.18854543766824483
1,RCUF-3 (paper),0.71,1561,0.18930478020804745
1,RCUF-3 (paper),0.72,1583,0.19158018229401683
1,RCUF-3 (paper),0.73,1605,0.19175789942145083
1,RCUF-3 (paper),0.74,1627,0.1942868850059999
1,RCUF-3 (paper),0.75,1648,0.19828363384188616
1,RCUF-3 (paper),0.76,1670,0.19966353008269158
1,RCUF-3 (paper),0.77,1692,0.20213047393898434
1,RCUF-3 (paper),0.78,1714,0.20365894315719252
1,RCUF-3 (paper),0.79,1736,0.20608953258722806
1,RCUF-3 (paper),0.8,1758,0.20762500677176401
1,RCUF-3 (paper),0.81,1780,0.20917870518994067
1,RCUF-3 (paper),0.82,1802,0.21163786269224624
1,RCUF-3 (paper),0.83,1824,0.21549968671679148
1,RCUF-3 (paper),0.84,1846,0.21907083526801782
1,RCUF-3 (paper),0.85,1868,0.221594269399408
1,RCUF-3 (paper),0.86,1890,0.22441169060216618
1,RCUF-3 (paper),0.87,1912,0.22557780434349403
1,RCUF-3 (paper),0.88,1934,0.22799281036095856
1,RCUF-3 (paper),0.89,1956,0.22977407732008887
1,RCUF-3 (paper),0.9,1978,0.23362222543213368
1,RCUF-3 (paper),0.91,2000,0.2361357142857135
1,RCUF-3 (paper),0.92,2022,0.23892421459186958
1,RCUF-3 (paper),0.93,2044,0.24222346472835624
1,RCUF-3 (paper),0.94,2066,0.24553312128336244
1,RCUF-3 (paper),0.95,2088,0.24949142492245863
1,RCUF-3 (paper),0.96,2110,0.2501760324983067
1,RCUF-3 (paper),0.97,2132,0.2548646475475737
1,RCUF-3 (paper),0.98,2154,0.25984436485829177
1,RCUF-3 (paper),0.99,2176,0.2664084383753495
1,RCUF-3 (paper),1.0,2198,0.2720828458772038
1,Threshold proximity,0.5,1099,0.14262316391524762
1,Threshold proximity,0.51,1121,0.14621723801027997
1,Threshold proximity,0.52,1143,0.1469108028163147
1,Threshold proximity,0.53,1165,0.1482853055385245
1,Threshold proximity,0.54,1187,0.14890680787900681
1,Threshold proximity,0.55,1209,0.15157351608964528
1,Threshold proximity,0.56,1231,0.15674441994506996
1,Threshold proximity,0.57,1253,0.16237221145441436
1,Threshold proximity,0.58,1275,0.16691690009337087
1,Threshold proximity,0.59,1297,0.17117891104012944
1,Threshold proximity,0.6,1319,0.17186180006498453
1,Threshold proximity,0.61,1341,0.17642484286779614
1,Threshold proximity,0.62,1363,0.17700101317122624
1,Threshold proximity,0.63,1385,0.18152999828090116
1,Threshold proximity,0.64,1407,0.18343655870308356
1,Threshold proximity,0.65,1429,0.18518444466660025
1,Threshold proximity,0.66,1451,0.18777526172426257
1,Threshold proximity,0.67,1473,0.1889309152038277
1,Threshold proximity,0.68,1495,0.18940595636247812
1,Threshold proximity,0.69,1517,0.19246005587469
1,Threshold proximity,0.7,1539,0.19404065719855187
1,Threshold proximity,0.71,1561,0.1943168298709617
1,Threshold proximity,0.72,1583,0.19574346478957952
1,Threshold proximity,0.73,1605,0.19939474855362677
1,Threshold proximity,0.74,1627,0.2022507097491728
1,Threshold proximity,0.75,1648,0.20525601017105827
1,Threshold proximity,0.76,1670,0.2069232962646131
1,Threshold proximity,0.77,1692,0.2099712934819312
1,Threshold proximity,0.78,1714,0.21225482024781842
1,Threshold proximity,0.79,1736,0.2136740179942938
1,Threshold proximity,0.8,1758,0.21522834389728515
1,Threshold proximity,0.81,1780,0.21616907437132082
1,Threshold proximity,0.82,1802,0.2179932350298602
1,Threshold proximity,0.83,1824,0.22208907685881285
1,Threshold proximity,0.84,1846,0.22345096218335567
1,Threshold proximity,0.85,1868,0.22842102579789852
1,Threshold proximity,0.86,1890,0.2308944318468118
1,Threshold proximity,0.87,1912,0.2336944610480165
1,Threshold proximity,0.88,1934,0.23622396218052785
1,Threshold proximity,0.89,1956,0.23734297399941467
1,Threshold proximity,0.9,1978,0.2400958158794346
1,Threshold proximity,0.91,2000,0.24322619047618935
1,Threshold proximity,0.92,2022,0.2470138005746303
1,Threshold proximity,0.93,2044,0.25007920976609704
1,Threshold proximity,0.94,2066,0.2540519983404774
1,Threshold proximity,0.95,2088,0.25800036489691563
1,Threshold proximity,0.96,2110,0.2618438275784238
1,Threshold proximity,0.97,2132,0.26483293129634516
1,Threshold proximity,0.98,2154,0.2671154441349421
1,Threshold proximity,0.99,2176,0.26954000350140006
1,Threshold proximity,1.0,2198,0.27208284587720405
1,RCUF-TA (revision),0.5,1099,0.13842454179123886
1,RCUF-TA (revision),0.51,1121,0.14106027781317715
1,RCUF-TA (revision),0.52,1143,0.143682039745032
1,RCUF-TA (revision),0.53,1165,0.14606172082566948
1,RCUF-TA (revision),0.54,1187,0.1468648453484176
1,RCUF-TA (revision),0.55,1209,0.1474811926424832
1,RCUF-TA (revision),0.56,1231,0.1503771614250902
1,RCUF-TA (revision),0.57,1253,0.15285220233344762
1,RCUF-TA (revision),0.58,1275,0.1544500466853411
1,RCUF-TA (revision),0.59,1297,0.15712449976135434
1,RCUF-TA (revision),0.6,1319,0.16061951695007073
1,RCUF-TA (revision),0.61,1341,0.1647349170839107
1,RCUF-TA (revision),0.62,1363,0.1654753170527202
1,RCUF-TA (revision),0.63,1385,0.16989857314767096
1,RCUF-TA (revision),0.64,1407,0.17018648255322064
1,RCUF-TA (revision),0.65,1429,0.17181178979639475
1,RCUF-TA (revision),0.66,1451,0.17633487578353224
1,RCUF-TA (revision),0.67,1473,0.1794717615491549
1,RCUF-TA (revision),0.68,1495,0.18164675903806357
1,RCUF-TA (revision),0.69,1517,0.1849012775842045
1,RCUF-TA (revision),0.7,1539,0.1880194312942851
1,RCUF-TA (revision),0.71,1561,0.19256581556389366
1,RCUF-TA (revision),0.72,1583,0.19534338056132106
1,RCUF-TA (revision),0.73,1605,0.19748405281115539
1,RCUF-TA (revision),0.74,1627,0.19800977551438492
1,RCUF-TA (revision),0.75,1648,0.20084662505778977
1,RCUF-TA (revision),0.76,1670,0.2023524379811801
1,RCUF-TA (revision),0.77,1692,0.2027862208713268
1,RCUF-TA (revision),0.78,1714,0.20440351169639331
1,RCUF-TA (revision),0.79,1736,0.2061005047180157
1,RCUF-TA (revision),0.8,1758,0.20959965328565958
1,RCUF-TA (revision),0.81,1780,0.2104788657035842
1,RCUF-TA (revision),0.82,1802,0.21260768458326662
1,RCUF-TA (revision),0.83,1824,0.21450240183792751
1,RCUF-TA (revision),0.84,1846,0.2193494299128095
1,RCUF-TA (revision),0.85,1868,0.21946568777403822
1,RCUF-TA (revision),0.86,1890,0.22073822121441092
1,RCUF-TA (revision),0.87,1912,0.22458408049412154
1,RCUF-TA (revision),0.88,1934,0.22633820849953132
1,RCUF-TA (revision),0.89,1956,0.22786542019670766
1,RCUF-TA (revision),0.9,1978,0.2322403582262016
1,RCUF-TA (revision),0.91,2000,0.23360238095237998
1,RCUF-TA (revision),0.92,2022,0.2353798690593933
1,RCUF-TA (revision),0.93,2044,0.2373474047153098
1,RCUF-TA (revision),0.94,2066,0.24248375051859947
1,RCUF-TA (revision),0.95,2088,0.24620279146141116
1,RCUF-TA (revision),0.96,2110,0.2502550214398547
1,RCUF-TA (revision),0.97,2132,0.25502099526489685
1,RCUF-TA (revision),0.98,2154,0.26023124198611586
1,RCUF-TA (revision),0.99,2176,0.2664084383753494
1,RCUF-TA (revision),1.0,2198,0.2720828458772037
2,MSP,0.5,1099,0.16453919147276738
2,MSP,0.51,1121,0.16374835393568665
2,MSP,0.52,1143,0.16861642294713158
2,MSP,0.53,1165,0.1698957694665849
2,MSP,0.54,1187,0.1704256428772014
2,MSP,0.55,1209,0.17387451258419004
2,MSP,0.56,1231,0.17575722409191138
2,MSP,0.57,1253,0.17829209896249013
2,MSP,0.58,1275,0.17949206349206362
2,MSP,0.59,1297,0.1801997283107539
2,MSP,0.6,1319,0.1826275316798442
2,MSP,0.61,1341,0.18301196690458454
2,MSP,0.62,1363,0.1837752856094751
2,MSP,0.63,1385,0.18612686952037158
2,MSP,0.64,1407,0.18797847497207854
2,MSP,0.65,1429,0.18991302609217237
2,MSP,0.66,1451,0.19316727380131915
2,MSP,0.67,1473,0.19487602237093046
2,MSP,0.68,1495,0.19604395604395566
2,MSP,0.69,1517,0.19728788021470903
2,MSP,0.7,1539,0.19912435409511378
2,MSP,0.71,1561,0.2018059241633867
2,MSP,0.72,1583,0.20348644827482407
2,MSP,0.73,1605,0.20551550215101536
2,MSP,0.74,1627,0.20638335235753708
2,MSP,0.75,1648,0.2074751502542755
2,MSP,0.76,1670,0.2095722840034207
2,MSP,0.77,1692,0.2111814702240223
2,MSP,0.78,1714,0.21237984108462407
2,MSP,0.79,1736,0.21421988150098628
2,MSP,0.8,1758,0.21533127471693894
2,MSP,0.81,1780,0.21733814874264173
2,MSP,0.82,1802,0.2193277310924355
2,MSP,0.83,1824,0.2223840852130311
2,MSP,0.84,1846,0.22259196202858025
2,MSP,0.85,1868,0.22659070052003513
2,MSP,0.86,1890,0.2301965230536643
2,MSP,0.87,1912,0.23218519625423228
2,MSP,0.88,1934,0.2350593391441358
2,MSP,0.89,1956,0.23795403642029234
2,MSP,0.9,1978,0.24096971447830728
2,MSP,0.91,2000,0.24256904761904585
2,MSP,0.92,2022,0.24504027130139708
2,MSP,0.93,2044,0.2462352064113298
2,MSP,0.94,2066,0.2475660351265366
2,MSP,0.95,2088,0.2506248859697118
2,MSP,0.96,2110,0.25259309410968017
2,MSP,0.97,2132,0.2544425087107999
2,MSP,0.98,2154,0.25795640447450896
2,MSP,0.99,2176,0.26101628151260375
2,MSP,1.0,2198,0.2646973439057139
2,Entropy,0.5,1099,0.16759391654751074
2,Entropy,0.51,1121,0.16754598360307552
2,Entropy,0.52,1143,0.169599633379161
2,Entropy,0.53,1165,0.17132638463110575
2,Entropy,0.54,1187,0.17194207084687296
2,Entropy,0.55,1209,0.1737839221710191
2,Entropy,0.56,1231,0.17560635952187553
2,Entropy,0.57,1253,0.17612206893930774
2,Entropy,0.58,1275,0.17793464052287603
2,Entropy,0.59,1297,0.17730660498586504
2,Entropy,0.6,1319,0.1794288602476626
2,Entropy,0.61,1341,0.18250062142679616
2,Entropy,0.62,1363,0.18362156307864333
2,Entropy,0.63,1385,0.1853085783049685
2,Entropy,0.64,1407,0.18634379124784264
2,Entropy,0.65,1429,0.18706721316938266
2,Entropy,0.66,1451,0.18866463194512817
2,Entropy,0.67,1473,0.1902822228687808
2,Entropy,0.68,1495,0.19294473642299712
2,Entropy,0.69,1517,0.19691433593872593
2,Entropy,0.7,1539,0.1983446269995974
2,Entropy,0.71,1561,0.1997346023611234
2,Entropy,0.72,1583,0.20140179887495058
2,Entropy,0.73,1605,0.20250407951342467
2,Entropy,0.74,1627,0.20405361898908236
2,Entropy,0.75,1648,0.2052762367082748
2,Entropy,0.76,1670,0.2068434559452515
2,Entropy,0.77,1692,0.20862602724304763
2,Entropy,0.78,1714,0.2094487970217249
2,Entropy,0.79,1736,0.21209403116085043
2,Entropy,0.8,1758,0.21340267620130993
2,Entropy,0.81,1780,0.21522204387372817
2,Entropy,0.82,1802,0.2191612494054214
2,Entropy,0.83,1824,0.22137896825396708
2,Entropy,0.84,1846,0.2225377908476488
2,Entropy,0.85,1868,0.22660854491689483
2,Entropy,0.86,1890,0.22857394809775636
2,Entropy,0.87,1912,0.2303895198246649
2,Entropy,0.88,1934,0.23207760870635596
2,Entropy,0.89,1956,0.23415376375498925
2,Entropy,0.9,1978,0.23660503635225422
2,Entropy,0.91,2000,0.24066904761904603
2,Entropy,0.92,2022,0.24334228251142037
2,Entropy,0.93,2044,0.24550135122542002
2,Entropy,0.94,2066,0.24829207578481371
2,Entropy,0.95,2088,0.25174238277686395
2,Entropy,0.96,2110,0.2535409614082585
2,Entropy,0.97,2132,0.25600598588403334
2,Entropy,0.98,2154,0.2578016536233794
2,Entropy,0.99,2176,0.261705619747898
2,Entropy,1.0,2198,0.2646973439057141
2,Logit magnitude,0.5,1099,0.1665496771957191
2,Logit magnitude,0.51,1121,0.17163671891593396
2,Logit magnitude,0.52,1143,0.17127859017622807
2,Logit magnitude,0.53,1165,0.1730185979971389
2,Logit magnitude,0.54,1187,0.17576523448469544
2,Logit magnitude,0.55,1209,0.17632439245342488
2,Logit magnitude,0.56,1231,0.17726200146996265
2,Logit magnitude,0.57,1253,0.1804013225401895
2,Logit magnitude,0.58,1275,0.18317086834733923
2,Logit magnitude,0.59,1297,0.1833608694055883
2,Logit magnitude,0.6,1319,0.1842449185891191
2,Logit magnitude,0.61,1341,0.18249707041653385
2,Logit magnitude,0.62,1363,0.1838311847115959
2,Logit magnitude,0.63,1385,0.18584493725287982
2,Logit magnitude,0.64,1407,0.18684807256235855
2,Logit magnitude,0.65,1429,0.18602419274217755
2,Logit magnitude,0.66,1451,0.18768337107413618
2,Logit magnitude,0.67,1473,0.18970032004655224
2,Logit magnitude,0.68,1495,0.1899187768752985
2,Logit magnitude,0.69,1517,0.19272373418714864
2,Logit magnitude,0.7,1539,0.1950586342399205
2,Logit magnitude,0.71,1561,0.19734907415881114
2,Logit magnitude,0.72,1583,0.20075504617513415
2,Logit magnitude,0.73,1605,0.20176234979973245
2,Logit magnitude,0.74,1627,0.20468873474405064
2,Logit magnitude,0.75,1648,0.20695503929727158
2,Logit magnitude,0.76,1670,0.20889934416880443
2,Logit magnitude,0.77,1692,0.20998536530451342
2,Logit magnitude,0.78,1714,0.2114908040228918
2,Logit magnitude,0.79,1736,0.21399495281983666
2,Logit magnitude,0.8,1758,0.2160192859851553
2,Logit magnitude,0.81,1780,0.21758159443552597
2,Logit magnitude,0.82,1802,0.219536493842819
2,Logit magnitude,0.83,1824,0.22081766917293116
2,Logit magnitude,0.84,1846,0.22515606459268314
2,Logit magnitude,0.85,1868,0.22883909452431817
2,Logit magnitude,0.86,1890,0.2302494331065747
2,Logit magnitude,0.87,1912,0.23178421996413498
2,Logit magnitude,0.88,1934,0.23371497513172665
2,Logit magnitude,0.89,1956,0.2352614665498087
2,Logit magnitude,0.9,1978,0.2377004188935418
2,Logit magnitude,0.91,2000,0.24035238095237943
2,Logit magnitude,0.92,2022,0.24297960529414384
2,Logit magnitude,0.93,2044,0.24533827229521787
2,Logit magnitude,0.94,2066,0.24796939104780183
2,Logit magnitude,0.95,2088,0.2513432767743098
2,Logit magnitude,0.96,2110,0.2535409614082586
2,Logit magnitude,0.97,2132,0.25522424729741683
2,Logit magnitude,0.98,2154,0.25803377990007403
2,Logit magnitude,0.99,2176,0.2607865021008393
2,Logit magnitude,1.0,2198,0.26469734390571414
2,RCUF-3 (paper),0.5,1099,0.16547944018371674
2,RCUF-3 (paper),0.51,1121,0.16910071789643602
2,RCUF-3 (paper),0.52,1143,0.170453693288339
2,RCUF-3 (paper),0.53,1165,0.17113427345187004
2,RCUF-3 (paper),0.54,1187,0.1722108556986401
2,RCUF-3 (paper),0.55,1209,0.17380755445271578
2,RCUF-3 (paper),0.56,1231,0.1751963173571623
2,RCUF-3 (paper),0.57,1253,0.17576483107209376
2,RCUF-3 (paper),0.58,1275,0.1745695611577966
2,RCUF-3 (paper),0.59,1297,0.17768109556852824
2,RCUF-3 (paper),0.6,1319,0.17810390266796647
2,RCUF-3 (paper),0.61,1341,0.18301196690458454
2,RCUF-3 (paper),0.62,1363,0.1842399468958532
2,RCUF-3 (paper),0.63,1385,0.18458655664431864
2,RCUF-3 (paper),0.64,1407,0.18655701086404725
2,RCUF-3 (paper),0.65,1429,0.18711386584024803
2,RCUF-3 (paper),0.66,1451,0.18956056578386007
2,RCUF-3 (paper),0.67,1473,0.19292988070992137
2,RCUF-3 (paper),0.68,1495,0.1936805223761744
2,RCUF-3 (paper),0.69,1517,0.19440939197036736
2,RCUF-3 (paper),0.7,1539,0.19609208205699397
2,RCUF-3 (paper),0.71,1561,0.19738568072969054
2,RCUF-3 (paper),0.72,1583,0.199070481003519
2,RCUF-3 (paper),0.73,1605,0.2031746031746026
2,RCUF-3 (paper),0.74,1627,0.2047911727690455
2,RCUF-3 (paper),0.75,1648,0.20655050855293497
2,RCUF-3 (paper),0.76,1670,0.20863986313088026
2,RCUF-3 (paper),0.77,1692,0.20909884048181832
2,RCUF-3 (paper),0.78,1714,0.21061565816524877
2,RCUF-3 (paper),0.79,1736,0.2111147684880393
2,RCUF-3 (paper),0.8,1758,0.2130424183325196
2,RCUF-3 (paper),0.81,1780,0.21662653825575057
2,RCUF-3 (paper),0.82,1802,0.2180513714919918
2,RCUF-3 (paper),0.83,1824,0.2198256056808676
2,RCUF-3 (paper),0.84,1846,0.22360315740597306
2,RCUF-3 (paper),0.85,1868,0.2260018354236757
2,RCUF-3 (paper),0.86,1890,0.22883849836230657
2,RCUF-3 (paper),0.87,1912,0.23099970113568308
2,RCUF-3 (paper),0.88,1934,0.23431821539370518
2,RCUF-3 (paper),0.89,1956,0.23621579511149912
2,RCUF-3 (paper),0.9,1978,0.23973951562424614
2,RCUF-3 (paper),0.91,2000,0.24135238095237935
2,RCUF-3 (paper),0.92,2022,0.24297960529414375
2,RCUF-3 (paper),0.93,2044,0.24566443015562225
2,RCUF-3 (paper),0.94,2066,0.24861476052182563
2,RCUF-3 (paper),0.95,2088,0.25070470717022286
2,RCUF-3 (paper),0.96,2110,0.25322500564206585
2,RCUF-3 (paper),0.97,2132,0.2555369427320634
2,RCUF-3 (paper),0.98,2154,0.2581885307512037
2,RCUF-3 (paper),0.99,2176,0.26078650210083926
2,RCUF-3 (paper),1.0,2198,0.26469734390571414
2,Threshold proximity,0.5,1099,0.15426578274621963
2,Threshold proximity,0.51,1121,0.15798819081602322
2,Threshold proximity,0.52,1143,0.1606632504270301
2,Threshold proximity,0.53,1165,0.16323727774371566
2,Threshold proximity,0.54,1187,0.1633088618766801
2,Threshold proximity,0.55,1209,0.1668439087793929
2,Threshold proximity,0.56,1231,0.16968395806738645
2,Threshold proximity,0.57,1253,0.17237107133356167
2,Threshold proximity,0.58,1275,0.17376283846872115
2,Threshold proximity,0.59,1297,0.1752175349708121
2,Threshold proximity,0.6,1319,0.17656594100870102
2,Threshold proximity,0.61,1341,0.17790206313696286
2,Threshold proximity,0.62,1363,0.18214722426021074
2,Threshold proximity,0.63,1385,0.18503696063262898
2,Threshold proximity,0.64,1407,0.18605949842623656
2,Threshold proximity,0.65,1429,0.18963311006698022
2,Threshold proximity,0.66,1451,0.1923927668931117
2,Threshold proximity,0.67,1473,0.19492774706624003
2,Threshold proximity,0.68,1495,0.1963178850135371
2,Threshold proximity,0.69,1517,0.19841793012524708
2,Threshold proximity,0.7,1539,0.20054147714966408
2,Threshold proximity,0.71,1561,0.2022207986333544
2,Threshold proximity,0.72,1583,0.20522215203200642
2,Threshold proximity,0.73,1605,0.2065479899124755
2,Threshold proximity,0.74,1627,0.20824187081101603
2,Threshold proximity,0.75,1648,0.2098763291724451
2,Threshold proximity,0.76,1670,0.2117422298260615
2,Threshold proximity,0.77,1692,0.2141309242373065
2,Threshold proximity,0.78,1714,0.21639995554814614
2,Threshold proximity,0.79,1736,0.21866908053543915
2,Threshold proximity,0.8,1758,0.2210385177961961
2,Threshold proximity,0.81,1780,0.22138309256286692
2,Threshold proximity,0.82,1802,0.2230563923682671
2,Threshold proximity,0.83,1824,0.22581192564745095
2,Threshold proximity,0.84,1846,0.22816385492441726
2,Threshold proximity,0.85,1868,0.23025899867441513
2,Threshold proximity,0.86,1890,0.23206853111614895
2,Threshold proximity,0.87,1912,0.23302450687387805
2,Threshold proximity,0.88,1934,0.23468262175604337
2,Threshold proximity,0.89,1956,0.23649089492647635
2,Threshold proximity,0.9,1978,0.2398430352929833
2,Threshold proximity,0.91,2000,0.24173809523809373
2,Threshold proximity,0.92,2022,0.24461400781875406
2,Threshold proximity,0.93,2044,0.2478520175193349
2,Threshold proximity,0.94,2066,0.24962660766145606
2,Threshold proximity,0.95,2088,0.25133871556285214
2,Threshold proximity,0.96,2110,0.2536628300609332
2,Threshold proximity,0.97,2132,0.2553336906995433
2,Threshold proximity,0.98,2154,0.2589932351770783
2,Threshold proximity,0.99,2176,0.26196603641456506
2,Threshold proximity,1.0,2198,0.2646973439057145
2,RCUF-TA (revision),0.5,1099,0.15368083539148164
2,RCUF-TA (revision),0.51,1121,0.15578777452104858
2,RCUF-TA (revision),0.52,1143,0.15736782902137256
2,RCUF-TA (revision),0.53,1165,0.16129164111996755
2,RCUF-TA (revision),0.54,1187,0.16283146788622804
2,RCUF-TA (revision),0.55,1209,0.16549293000905935
2,RCUF-TA (revision),0.56,1231,0.1668755560713322
2,RCUF-TA (revision),0.57,1253,0.1689811119978721
2,RCUF-TA (revision),0.58,1275,0.17249673202614416
2,RCUF-TA (revision),0.59,1297,0.17450526856849177
2,RCUF-TA (revision),0.6,1319,0.17558756633813533
2,RCUF-TA (revision),0.61,1341,0.18004687333546435
2,RCUF-TA (revision),0.62,1363,0.18002655207350773
2,RCUF-TA (revision),0.63,1385,0.18337631081313438
2,RCUF-TA (revision),0.64,1407,0.18340609875791147
2,RCUF-TA (revision),0.65,1429,0.18543436968909355
2,RCUF-TA (revision),0.66,1451,0.18701060024285404
2,RCUF-TA (revision),0.67,1473,0.191119516374099
2,RCUF-TA (revision),0.68,1495,0.19188724319159106
2,RCUF-TA (revision),0.69,1517,0.19308786138054423
2,RCUF-TA (revision),0.7,1539,0.19624678981404117
2,RCUF-TA (revision),0.71,1561,0.19982916933589562
2,RCUF-TA (revision),0.72,1583,0.2031856330656076
2,RCUF-TA (revision),0.73,1605,0.20480344162587122
2,RCUF-TA (revision),0.74,1627,0.2068692012760847
2,RCUF-TA (revision),0.75,1648,0.20878409616273638
2,RCUF-TA (revision),0.76,1670,0.2105446250356423
2,RCUF-TA (revision),0.77,1692,0.2113981762917926
2,RCUF-TA (revision),0.78,1714,0.2126132133133292
2,RCUF-TA (revision),0.79,1736,0.21214614878209262
2,RCUF-TA (revision),0.8,1758,0.21398504794409134
2,RCUF-TA (revision),0.81,1780,0.2156474050294265
2,RCUF-TA (revision),0.82,1802,0.2163257755932551
2,RCUF-TA (revision),0.83,1824,0.2205879281537165
2,RCUF-TA (revision),0.84,1846,0.22367022648712676
2,RCUF-TA (revision),0.85,1868,0.22694249005812056
2,RCUF-TA (revision),0.86,1890,0.229609473418996
2,RCUF-TA (revision),0.87,1912,0.23158746762303115
2,RCUF-TA (revision),0.88,1934,0.23345151918057674
2,RCUF-TA (revision),0.89,1956,0.2351884312006997
2,RCUF-TA (revision),0.9,1978,0.23754393567335785
2,RCUF-TA (revision),0.91,2000,0.2398476190476175
2,RCUF-TA (revision),0.92,2022,0.24210588290706828
2,RCUF-TA (revision),0.93,2044,0.24455549343024718
2,RCUF-TA (revision),0.94,2066,0.24719494767897315
2,RCUF-TA (revision),0.95,2088,0.2505769932494056
2,RCUF-TA (revision),0.96,2110,0.2520717670954625
2,RCUF-TA (revision),0.97,2132,0.25545876887340185
2,RCUF-TA (revision),0.98,2154,0.25733740106999053
2,RCUF-TA (revision),0.99,2176,0.26040353641456493
2,RCUF-TA (revision),1.0,2198,0.26469734390571426
3,MSP,0.5,1099,0.1561202825079077
3,MSP,0.51,1121,0.15765260609150003
3,MSP,0.52,1143,0.15943007124109498
3,MSP,0.53,1165,0.1622276721847539
3,MSP,0.54,1187,0.16273919845950194
3,MSP,0.55,1209,0.16534719760526237
3,MSP,0.56,1231,0.1660825499980661
3,MSP,0.57,1253,0.1671189146049484
3,MSP,0.58,1275,0.16862745098039245
3,MSP,0.59,1297,0.17078606307596314
3,MSP,0.6,1319,0.175847503519983
3,MSP,0.61,1341,0.17746173786442276
3,MSP,0.62,1363,0.1785836565000178
3,MSP,0.63,1385,0.18237235688499262
3,MSP,0.64,1407,0.18443158357870545
3,MSP,0.65,1429,0.1874004465327071
3,MSP,0.66,1451,0.1876046076597423
3,MSP,0.67,1473,0.18948695567840185
3,MSP,0.68,1495,0.19262939958592143
3,MSP,0.69,1517,0.19541701980726373
3,MSP,0.7,1539,0.1964138741916519
3,MSP,0.71,1561,0.20022268997284995
3,MSP,0.72,1583,0.2028306711187315
3,MSP,0.73,1605,0.20528408248034377
3,MSP,0.74,1627,0.206078965083267
3,MSP,0.75,1648,0.2074173601479421
3,MSP,0.76,1670,0.20823781009409692
3,MSP,0.77,1692,0.21015985590453604
3,MSP,0.78,1714,0.2140940156692775
3,MSP,0.79,1736,0.21585472898836877
3,MSP,0.8,1758,0.21713527276667124
3,MSP,0.81,1780,0.22044408774745763
3,MSP,0.82,1802,0.22217377517044462
3,MSP,0.83,1824,0.22609126984126884
3,MSP,0.84,1846,0.22810968374348548
3,MSP,0.85,1868,0.229996431120627
3,MSP,0.86,1890,0.23264550264550146
3,MSP,0.87,1912,0.2344490934449081
3,MSP,0.88,1934,0.23560841089279427
3,MSP,0.89,1956,0.23892297205180507
3,MSP,0.9,1978,0.24122490249891523
3,MSP,0.91,2000,0.24350476190476042
3,MSP,0.92,2022,0.2466252178418335
3,MSP,0.93,2044,0.24959696207249865
3,MSP,0.94,2066,0.2515373622827626
3,MSP,0.95,2088,0.25319740923189066
3,MSP,0.96,2110,0.2561182577296309
3,MSP,0.97,2132,0.25957294737782427
3,MSP,0.98,2154,0.26258566564973146
3,MSP,0.99,2176,0.26501663165266015
3,MSP,1.0,2198,0.27047749035920016
3,Entropy,0.5,1099,0.1529269032453746
3,Entropy,0.51,1121,0.15352363960749338
3,Entropy,0.52,1143,0.15459317585301846
3,Entropy,0.53,1165,0.15666053545881878
3,Entropy,0.54,1187,0.16055281421751522
3,Entropy,0.55,1209,0.16210563629918479
3,Entropy,0.56,1231,0.16319291323353072
3,Entropy,0.57,1253,0.16578877361000277
3,Entropy,0.58,1275,0.1669953314659198
3,Entropy,0.59,1297,0.1700223960054339
3,Entropy,0.6,1319,0.1703346691216291
3,Entropy,0.61,1341,0.1726359149177943
3,Entropy,0.62,1363,0.17611012123117795
3,Entropy,0.63,1385,0.17837373216434613
3,Entropy,0.64,1407,0.18214708769079796
3,Entropy,0.65,1429,0.1852211003365658
3,Entropy,0.66,1451,0.1859505759574678
3,Entropy,0.67,1473,0.18987165809976408
3,Entropy,0.68,1495,0.19289695811434943
3,Entropy,0.69,1517,0.19368113758357652
3,Entropy,0.7,1539,0.19652835793186654
3,Entropy,0.71,1561,0.1992251609163843
3,Entropy,0.72,1583,0.20180489125530163
3,Entropy,0.73,1605,0.20404391039905026
3,Entropy,0.74,1627,0.20448093189334693
3,Entropy,0.75,1648,0.2065476190476185
3,Entropy,0.76,1670,0.2076390076988873
3,Entropy,0.77,1692,0.2095153664302593
3,Entropy,0.78,1714,0.21083236094904628
3,Entropy,0.79,1736,0.21372887864823265
3,Entropy,0.8,1758,0.21645809632157667
3,Entropy,0.81,1780,0.21741573033707773
3,Entropy,0.82,1802,0.21851646318904824
3,Entropy,0.83,1824,0.22112573099415103
3,Entropy,0.84,1846,0.22410617551462517
3,Entropy,0.85,1868,0.22744468236973478
3,Entropy,0.86,1890,0.23008818342151557
3,Entropy,0.87,1912,0.23180414425184176
3,Entropy,0.88,1934,0.23571674791943537
3,Entropy,0.89,1956,0.23758155613983703
3,Entropy,0.9,1978,0.24009581587943432
3,Entropy,0.91,2000,0.2423214285714271
3,Entropy,0.92,2022,0.24644387923319525
3,Entropy,0.93,2044,0.24852064113316405
3,Entropy,0.94,2066,0.2516180334670155
3,Entropy,0.95,2088,0.25321337347199274
3,Entropy,0.96,2110,0.25562852629203214
3,Entropy,0.97,2132,0.257774948628606
3,Entropy,0.98,2154,0.2619666622452127
3,Entropy,0.99,2176,0.2650166316526601
3,Entropy,1.0,2198,0.2704774903592001
3,Logit magnitude,0.5,1099,0.15282291260453224
3,Logit magnitude,0.51,1121,0.15407586763518966
3,Logit magnitude,0.52,1143,0.15583468733075032
3,Logit magnitude,0.53,1165,0.15847946045370945
3,Logit magnitude,0.54,1187,0.15946162795362465
3,Logit magnitude,0.55,1209,0.16166056166056175
3,Logit magnitude,0.56,1231,0.16486402847085233
3,Logit magnitude,0.57,1253,0.1695511724242771
3,Logit magnitude,0.58,1275,0.1714360410831001
3,Logit magnitude,0.59,1297,0.1749531886771673
3,Logit magnitude,0.6,1319,0.17456225856529142
3,Logit magnitude,0.61,1341,0.17694329036610942
3,Logit magnitude,0.62,1363,0.18037242776787926
3,Logit magnitude,0.63,1385,0.18041946020285402
3,Logit magnitude,0.64,1407,0.181388973499848
3,Logit magnitude,0.65,1429,0.1836349095271421
3,Logit magnitude,0.66,1451,0.18694496406419234
3,Logit magnitude,0.67,1473,0.18965182814469994
3,Logit magnitude,0.68,1495,0.19187768752986142
3,Logit magnitude,0.69,1517,0.19313808582101258
3,Logit magnitude,0.7,1539,0.19618181255608147
3,Logit magnitude,0.71,1561,0.1984564229279154
3,Logit magnitude,0.72,1583,0.19902535872213672
3,Logit magnitude,0.73,1605,0.20061711912179167
3,Logit magnitude,0.74,1627,0.20314923756841352
3,Logit magnitude,0.75,1648,0.20592059639389684
3,Logit magnitude,0.76,1670,0.20821785001425658
3,Logit magnitude,0.77,1692,0.21025835866261328
3,Logit magnitude,0.78,1714,0.21339945546479894
3,Logit magnitude,0.79,1736,0.2153993855606751
3,Logit magnitude,0.8,1758,0.21642017444065142
3,Logit magnitude,0.81,1780,0.21754681647939988
3,Logit magnitude,0.82,1802,0.21788753237143824
3,Logit magnitude,0.83,1824,0.22086988304093472
3,Logit magnitude,0.84,1846,0.2238353196099665
3,Logit magnitude,0.85,1868,0.22673090649535937
3,Logit magnitude,0.86,1890,0.22964726631393187
3,Logit magnitude,0.87,1912,0.23199093444909225
3,Logit magnitude,0.88,1934,0.2352858620180221
3,Logit magnitude,0.89,1956,0.23776901353588345
3,Logit magnitude,0.9,1978,0.24085415763878726
3,Logit magnitude,0.91,2000,0.2442214285714272
3,Logit magnitude,0.92,2022,0.24677358579435588
3,Logit magnitude,0.93,2044,0.24917295685397298
3,Logit magnitude,0.94,2066,0.25145669109850965
3,Logit magnitude,0.95,2088,0.25423508483853186
3,Logit magnitude,0.96,2110,0.25611825772963104
3,Logit magnitude,0.97,2132,0.25879120879120776
3,Logit magnitude,0.98,2154,0.26304991820312057
3,Logit magnitude,0.99,2176,0.2651698179271701
3,Logit magnitude,1.0,2198,0.27047749035920027
3,RCUF-3 (paper),0.5,1099,0.1536548377312708
3,RCUF-3 (paper),0.51,1121,0.15556263540206447
3,RCUF-3 (paper),0.52,1143,0.15878848477273674
3,RCUF-3 (paper),0.53,1165,0.16025342325771516
3,RCUF-3 (paper),0.54,1187,0.1614915553415975
3,RCUF-3 (paper),0.55,1209,0.162676749773524
3,RCUF-3 (paper),0.56,1231,0.16410196897605517
3,RCUF-3 (paper),0.57,1253,0.16733553756698216
3,RCUF-3 (paper),0.58,1275,0.16865732959850616
3,RCUF-3 (paper),0.59,1297,0.1703711862539928
3,RCUF-3 (paper),0.6,1319,0.1715982526444999
3,RCUF-3 (paper),0.61,1341,0.17386101345832905
3,RCUF-3 (paper),0.62,1363,0.1761904761904764
3,RCUF-3 (paper),0.63,1385,0.1783496647756578
3,RCUF-3 (paper),0.64,1407,0.18098622533590578
3,RCUF-3 (paper),0.65,1429,0.18421806791295964
3,RCUF-3 (paper),0.66,1451,0.18663975583341544
3,RCUF-3 (paper),0.67,1473,0.18957747389519286
3,RCUF-3 (paper),0.68,1495,0.1927026596591814
3,RCUF-3 (paper),0.69,1517,0.1942147722635527
3,RCUF-3 (paper),0.7,1539,0.19702651690955775
3,RCUF-3 (paper),0.71,1561,0.19649187029071707
3,RCUF-3 (paper),0.72,1583,0.19883584514033004
3,RCUF-3 (paper),0.73,1605,0.20151016169707728
3,RCUF-3 (paper),0.74,1627,0.20546433693329783
3,RCUF-3 (paper),0.75,1648,0.2072353213129907
3,RCUF-3 (paper),0.76,1670,0.2083376104932985
3,RCUF-3 (paper),0.77,1692,0.2102780592142287
3,RCUF-3 (paper),0.78,1714,0.21172139801077877
3,RCUF-3 (paper),0.79,1736,0.21449144173798468
3,RCUF-3 (paper),0.8,1758,0.21664228831464238
3,RCUF-3 (paper),0.81,1780,0.21853932584269567
3,RCUF-3 (paper),0.82,1802,0.2190159082500915
3,RCUF-3 (paper),0.83,1824,0.2207785087719288
3,RCUF-3 (paper),0.84,1846,0.22367280606717124
3,RCUF-3 (paper),0.85,1868,0.22605281941470268
3,RCUF-3 (paper),0.86,1890,0.2299118165784821
3,RCUF-3 (paper),0.87,1912,0.23328103207810197
3,RCUF-3 (paper),0.88,1934,0.23572905894519
3,RCUF-3 (paper),0.89,1956,0.23819505307235236
3,RCUF-3 (paper),0.9,1978,0.24152823920265643
3,RCUF-3 (paper),0.91,2000,0.24397142857142715
3,RCUF-3 (paper),0.92,2022,0.2459493193914544
3,RCUF-3 (paper),0.93,2044,0.249254496319074
3,RCUF-3 (paper),0.94,2066,0.2511340063614976
3,RCUF-3 (paper),0.95,2088,0.2549534756431294
3,RCUF-3 (paper),0.96,2110,0.2561814488828694
3,RCUF-3 (paper),0.97,2132,0.25832216563923766
3,RCUF-3 (paper),0.98,2154,0.26243091479860176
3,RCUF-3 (paper),0.99,2176,0.2651698179271699
3,RCUF-3 (paper),1.0,2198,0.2704774903592001
3,Threshold proximity,0.5,1099,0.15079076216473858
3,Threshold proximity,0.51,1121,0.15303513019837742
3,Threshold proximity,0.52,1143,0.15711786026746674
3,Threshold proximity,0.53,1165,0.16365828734927465
3,Threshold proximity,0.54,1187,0.16596060496650242
3,Threshold proximity,0.55,1209,0.1680137067233844
3,Threshold proximity,0.56,1231,0.16907276314262534
3,Threshold proximity,0.57,1253,0.17275491202067456
3,Threshold proximity,0.58,1275,0.1759439775910368
3,Threshold proximity,0.59,1297,0.17786834085986017
3,Threshold proximity,0.6,1319,0.1783132965088997
3,Threshold proximity,0.61,1341,0.1816093178509291
3,Threshold proximity,0.62,1363,0.18327568738427188
3,Threshold proximity,0.63,1385,0.18588275743510452
3,Threshold proximity,0.64,1407,0.1871052898771453
3,Threshold proximity,0.65,1429,0.1868905994868209
3,Threshold proximity,0.66,1451,0.19003642807915747
3,Threshold proximity,0.67,1473,0.19174667830472325
3,Threshold proximity,0.68,1495,0.19356266921484322
3,Threshold proximity,0.69,1517,0.19576545186301283
3,Threshold proximity,0.7,1539,0.19686562084222892
3,Threshold proximity,0.71,1561,0.19923736310667742
3,Threshold proximity,0.72,1583,0.20097464127786274
3,Threshold proximity,0.73,1605,0.2038332591603616
3,Threshold proximity,0.74,1627,0.2059999414639853
3,Threshold proximity,0.75,1648,0.2082408691631988
3,Threshold proximity,0.76,1670,0.2112375249500993
3,Threshold proximity,0.77,1692,0.21283068783068726
3,Threshold proximity,0.78,1714,0.21356614991387393
3,Threshold proximity,0.79,1736,0.21423908272986544
3,Threshold proximity,0.8,1758,0.21698087653718975
3,Threshold proximity,0.81,1780,0.21950508293204837
3,Threshold proximity,0.82,1802,0.22272607156069887
3,Threshold proximity,0.83,1824,0.2247049916457802
3,Threshold proximity,0.84,1846,0.2271010679461374
3,Threshold proximity,0.85,1868,0.22687111247068317
3,Threshold proximity,0.86,1890,0.22900226757369507
3,Threshold proximity,0.87,1912,0.232142857142856
3,Threshold proximity,0.88,1934,0.2359703550499816
3,Threshold proximity,0.89,1956,0.23694614860258909
3,Threshold proximity,0.9,1978,0.23855746545331855
3,Threshold proximity,0.91,2000,0.24148333333333202
3,Threshold proximity,0.92,2022,0.24447741510055912
3,Threshold proximity,0.93,2044,0.24698303979125755
3,Threshold proximity,0.94,2066,0.24843497902549067
3,Threshold proximity,0.95,2088,0.2521232439335874
3,Threshold proximity,0.96,2110,0.2554976303317523
3,Threshold proximity,0.97,2132,0.2591977128562483
3,Threshold proximity,0.98,2154,0.2634522704160577
3,Threshold proximity,0.99,2176,0.2671459208683464
3,Threshold proximity,1.0,2198,0.27047749035920016
3,RCUF-TA (revision),0.5,1099,0.14765371116599518
3,RCUF-TA (revision),0.51,1121,0.14885943672741186
3,RCUF-TA (revision),0.52,1143,0.15136857892763422
3,RCUF-TA (revision),0.53,1165,0.15257306356018824
3,RCUF-TA (revision),0.54,1187,0.1563525494443778
3,RCUF-TA (revision),0.55,1209,0.15775335775335794
3,RCUF-TA (revision),0.56,1231,0.16083710494758446
3,RCUF-TA (revision),0.57,1253,0.16208338083836912
3,RCUF-TA (revision),0.58,1275,0.1677310924369751
3,RCUF-TA (revision),0.59,1297,0.17293020523552557
3,RCUF-TA (revision),0.6,1319,0.1739882306220445
3,RCUF-TA (revision),0.61,1341,0.17832463335819082
3,RCUF-TA (revision),0.62,1363,0.1797819935017298
3,RCUF-TA (revision),0.63,1385,0.1813305827746265
3,RCUF-TA (revision),0.64,1407,0.18336548549768208
3,RCUF-TA (revision),0.65,1429,0.18487786997234204
3,RCUF-TA (revision),0.66,1451,0.1858652489252079
3,RCUF-TA (revision),0.67,1473,0.18725956098664887
3,RCUF-TA (revision),0.68,1495,0.18901417423156575
3,RCUF-TA (revision),0.69,1517,0.19207395548858974
3,RCUF-TA (revision),0.7,1539,0.19571768928494077
3,RCUF-TA (revision),0.71,1561,0.19870961837649853
3,RCUF-TA (revision),0.72,1583,0.20192521733898855
3,RCUF-TA (revision),0.73,1605,0.20269396232013037
3,RCUF-TA (revision),0.74,1627,0.20439898147335123
3,RCUF-TA (revision),0.75,1648,0.2048543689320385
3,RCUF-TA (revision),0.76,1670,0.2080439121756483
3,RCUF-TA (revision),0.77,1692,0.20884554767533442
3,RCUF-TA (revision),0.78,1714,0.21075457020614488
3,RCUF-TA (revision),0.79,1736,0.2128072196620577
3,RCUF-TA (revision),0.8,1758,0.21537732271520596
3,RCUF-TA (revision),0.81,1780,0.21739700374531756
3,RCUF-TA (revision),0.82,1802,0.21971883092859706
3,RCUF-TA (revision),0.83,1824,0.22273391812865415
3,RCUF-TA (revision),0.84,1846,0.22526182737450254
3,RCUF-TA (revision),0.85,1868,0.2256959314775151
3,RCUF-TA (revision),0.86,1890,0.22714285714285612
3,RCUF-TA (revision),0.87,1912,0.23066596931659586
3,RCUF-TA (revision),0.88,1934,0.23345398138572795
3,RCUF-TA (revision),0.89,1956,0.23551465576005334
3,RCUF-TA (revision),0.9,1978,0.2380350522413199
3,RCUF-TA (revision),0.91,2000,0.24171666666666533
3,RCUF-TA (revision),0.92,2022,0.24472469502142952
3,RCUF-TA (revision),0.93,2044,0.24732550554468216
3,RCUF-TA (revision),0.94,2066,0.25032729451896785
3,RCUF-TA (revision),0.95,2088,0.2511539864988128
3,RCUF-TA (revision),0.96,2110,0.2543805010155709
3,RCUF-TA (revision),0.97,2132,0.25858795675868734
3,RCUF-TA (revision),0.98,2154,0.2619821373303257
3,RCUF-TA (revision),0.99,2176,0.2663033963585425
3,RCUF-TA (revision),1.0,2198,0.27047749035920016
4,MSP,0.5,1099,0.15640192382685558
4,MSP,0.51,1121,0.15838749415912667
4,MSP,0.52,1143,0.16017997750281224
4,MSP,0.53,1165,0.16348661352953206
4,MSP,0.54,1187,0.16615717896257082
4,MSP,0.55,1209,0.16699357989680585
4,MSP,0.56,1231,0.16745580441762425
4,MSP,0.57,1253,0.1674685516664768
4,MSP,0.58,1275,0.16918020541549972
4,MSP,0.59,1297,0.1713551419025592
4,MSP,0.6,1319,0.17244665872414186
4,MSP,0.61,1341,0.1749618266396792
4,MSP,0.62,1363,0.17701149425287385
4,MSP,0.63,1385,0.17853188929001237
4,MSP,0.64,1407,0.17848850983179373
4,MSP,0.65,1429,0.1799393515278753
4,MSP,0.66,1451,0.18164484263726188
4,MSP,0.67,1473,0.18488345779588164
4,MSP,0.68,1495,0.18798216276477156
4,MSP,0.69,1517,0.1894151991712968
4,MSP,0.7,1539,0.19019462235836498
4,MSP,0.71,1561,0.19243159147066888
4,MSP,0.72,1583,0.19457930992990988
4,MSP,0.73,1605,0.19612817089452586
4,MSP,0.74,1627,0.19829074838294233
4,MSP,0.75,1648,0.2012656033287098
4,MSP,0.76,1670,0.2037040205303674
4,MSP,0.77,1692,0.20773387369132004
4,MSP,0.78,1714,0.21043507251208482
4,MSP,0.79,1736,0.21197882378757898
4,MSP,0.8,1758,0.21323202773714658
4,MSP,0.81,1780,0.2150535045478859
4,MSP,0.82,1802,0.2166825220654292
4,MSP,0.83,1824,0.22020937761069265
4,MSP,0.84,1846,0.22265903110973453
4,MSP,0.85,1868,0.2250509839910259
4,MSP,0.86,1890,0.2285159989921885
4,MSP,0.87,1912,0.23089011755329644
4,MSP,0.88,1934,0.23236568670901553
4,MSP,0.89,1956,0.23426818580192701
4,MSP,0.9,1978,0.23663392556213472
4,MSP,0.91,2000,0.23878095238095118
4,MSP,0.92,2022,0.24013941877443237
4,MSP,0.93,2044,0.2417132606467231
4,MSP,0.94,2066,0.24365694002673538
4,MSP,0.95,2088,0.24573526728699005
4,MSP,0.96,2110,0.24641164522680986
4,MSP,0.97,2132,0.24855936746180537
4,MSP,0.98,2154,0.252055975593579
4,MSP,0.99,2176,0.25494572829131557
4,MSP,1.0,2198,0.25906668399843924
4,Entropy,0.5,1099,0.15600762598032833
4,Entropy,0.51,1121,0.1579414638290641
4,Entropy,0.52,1143,0.1581968920551597
4,Entropy,0.53,1165,0.16167586347843851
4,Entropy,0.54,1187,0.16320856902154285
4,Entropy,0.55,1209,0.16453976131395484
4,Entropy,0.56,1231,0.1646667440331128
4,Entropy,0.57,1253,0.16582677763842962
4,Entropy,0.58,1275,0.16684967320261437
4,Entropy,0.59,1297,0.16923670007710104
4,Entropy,0.6,1319,0.16975703093974515
4,Entropy,0.61,1341,0.17186889670111152
4,Entropy,0.62,1363,0.1738147643503477
4,Entropy,0.63,1385,0.17526560082516773
4,Entropy,0.64,1407,0.17610248079331248
4,Entropy,0.65,1429,0.17880302575893914
4,Entropy,0.66,1451,0.18167437891765953
4,Entropy,0.67,1473,0.1831474477095659
4,Entropy,0.68,1495,0.1856760630673674
4,Entropy,0.69,1517,0.18810936371911965
4,Entropy,0.7,1539,0.18990377177511655
4,Entropy,0.71,1561,0.19218144656965894
4,Entropy,0.72,1583,0.1937009295189961
4,Entropy,0.73,1605,0.19553182020471696
4,Entropy,0.74,1627,0.19585857698949227
4,Entropy,0.75,1648,0.19920827554322645
4,Entropy,0.76,1670,0.20031650983746738
4,Entropy,0.77,1692,0.20324777665203136
4,Entropy,0.78,1714,0.20507306773351044
4,Entropy,0.79,1736,0.20827298661399968
4,Entropy,0.8,1758,0.20871932390703643
4,Entropy,0.81,1780,0.2110272873194213
4,Entropy,0.82,1802,0.2127979493684257
4,Entropy,0.83,1824,0.2145258980785287
4,Entropy,0.84,1846,0.2176572254037033
4,Entropy,0.85,1868,0.22112521668196083
4,Entropy,0.86,1890,0.22368354749307026
4,Entropy,0.87,1912,0.22560769077505372
4,Entropy,0.88,1934,0.22700546609543393
4,Entropy,0.89,1956,0.23041678839224733
4,Entropy,0.9,1978,0.23341518609465908
4,Entropy,0.91,2000,0.23643095238095113
4,Entropy,0.92,2022,0.23847440064057146
4,Entropy,0.93,2044,0.24114248439101538
4,Entropy,0.94,2066,0.24406029594800027
4,Entropy,0.95,2088,0.2446816274402467
4,Entropy,0.96,2110,0.24728052358383984
4,Entropy,0.97,2132,0.2503573662110236
4,Entropy,0.98,2154,0.25221072644470865
4,Entropy,0.99,2176,0.2549457282913155
4,Entropy,1.0,2198,0.2590666839984392
4,Logit magnitude,0.5,1099,0.152025651024741
4,Logit magnitude,0.51,1121,0.15332398793594146
4,Logit magnitude,0.52,1143,0.15515560554930627
4,Logit magnitude,0.53,1165,0.15657469854894743
4,Logit magnitude,0.54,1187,0.1589681871063505
4,Logit magnitude,0.55,1209,0.16026625704045055
4,Logit magnitude,0.56,1231,0.16111175583149584
4,Logit magnitude,0.57,1253,0.1648538745106981
4,Logit magnitude,0.58,1275,0.16700280112044816
4,Logit magnitude,0.59,1297,0.17000403862393074
4,Logit magnitude,0.6,1319,0.17181847720134308
4,Logit magnitude,0.61,1341,0.17489080643443067
4,Logit magnitude,0.62,1363,0.17588303112881257
4,Logit magnitude,0.63,1385,0.17744541860065338
4,Logit magnitude,0.64,1407,0.18061732155548804
4,Logit magnitude,0.65,1429,0.1815921890099638
4,Logit magnitude,0.66,1451,0.18297397525516074
4,Logit magnitude,0.67,1473,0.18354508130475544
4,Logit magnitude,0.68,1495,0.18572702659659177
4,Logit magnitude,0.69,1517,0.187603980286907
4,Logit magnitude,0.7,1539,0.18916736285157315
4,Logit magnitude,0.71,1561,0.19239498489978926
4,Logit magnitude,0.72,1583,0.19462744036338445
4,Logit magnitude,0.73,1605,0.19623794689215207
4,Logit magnitude,0.74,1627,0.19770246143940012
4,Logit magnitude,0.75,1648,0.19862170596393844
4,Logit magnitude,0.76,1670,0.19979754776161904
4,Logit magnitude,0.77,1692,0.20310987279072323
4,Logit magnitude,0.78,1714,0.20546202144801842
4,Logit magnitude,0.79,1736,0.20729372394118867
4,Logit magnitude,0.8,1758,0.20928815212091584
4,Logit magnitude,0.81,1780,0.21166399143927148
4,Logit magnitude,0.82,1802,0.21305692088155925
4,Logit magnitude,0.83,1824,0.2152568922305755
4,Logit magnitude,0.84,1846,0.2186323066604747
4,Logit magnitude,0.85,1868,0.22087539512592946
4,Logit magnitude,0.86,1890,0.22297808012093628
4,Logit magnitude,0.87,1912,0.22477087069137172
4,Logit magnitude,0.88,1934,0.22816024031122162
4,Logit magnitude,0.89,1956,0.23075762002142255
4,Logit magnitude,0.9,1978,0.23375222687659372
4,Logit magnitude,0.91,2000,0.23768095238095113
4,Logit magnitude,0.92,2022,0.2390678724506605
4,Logit magnitude,0.93,2044,0.2412240238561165
4,Logit magnitude,0.94,2066,0.24212418752592865
4,Logit magnitude,0.95,2088,0.24484126984126844
4,Logit magnitude,0.96,2110,0.2472805235838399
4,Logit magnitude,0.97,2132,0.24910658447243705
4,Logit magnitude,0.98,2154,0.2522107264447087
4,Logit magnitude,0.99,2176,0.25479254201680573
4,Logit magnitude,1.0,2198,0.25906668399843924
4,RCUF-3 (paper),0.5,1099,0.15480306772390476
4,RCUF-3 (paper),0.51,1121,0.15683700777367138
4,RCUF-3 (paper),0.52,1143,0.1565096029662958
4,RCUF-3 (paper),0.53,1165,0.1567586347843858
4,RCUF-3 (paper),0.54,1187,0.16012356079752874
4,RCUF-3 (paper),0.55,1209,0.16107763204537395
4,RCUF-3 (paper),0.56,1231,0.16258558663107808
4,RCUF-3 (paper),0.57,1253,0.16542393493710333
4,RCUF-3 (paper),0.58,1275,0.16675256769374422
4,RCUF-3 (paper),0.59,1297,0.16939824503432838
4,RCUF-3 (paper),0.6,1319,0.1698833892920323
4,RCUF-3 (paper),0.61,1341,0.1717446113419269
4,RCUF-3 (paper),0.62,1363,0.17376585263599217
4,RCUF-3 (paper),0.63,1385,0.17601168987450588
4,RCUF-3 (paper),0.64,1407,0.17753071377804872
4,RCUF-3 (paper),0.65,1429,0.18027924955846597
4,RCUF-3 (paper),0.66,1451,0.18367956417577377
4,RCUF-3 (paper),0.67,1473,0.18539423916205994
4,RCUF-3 (paper),0.68,1495,0.18612836438923389
4,RCUF-3 (paper),0.69,1517,0.18751608751608737
4,RCUF-3 (paper),0.7,1539,0.18775952226244602
4,RCUF-3 (paper),0.71,1561,0.19006741710136937
4,RCUF-3 (paper),0.72,1583,0.19123725295550903
4,RCUF-3 (paper),0.73,1605,0.1926034712950596
4,RCUF-3 (paper),0.74,1627,0.19530541165451992
4,RCUF-3 (paper),0.75,1648,0.19837898751733643
4,RCUF-3 (paper),0.76,1670,0.199737667522098
4,RCUF-3 (paper),0.77,1692,0.20182933693571922
4,RCUF-3 (paper),0.78,1714,0.20332277601822452
4,RCUF-3 (paper),0.79,1736,0.20786976080754802
4,RCUF-3 (paper),0.8,1758,0.21048269137006256
4,RCUF-3 (paper),0.81,1780,0.21231942215088195
4,RCUF-3 (paper),0.82,1802,0.21538766449976127
4,RCUF-3 (paper),0.83,1824,0.21540309106098485
4,RCUF-3 (paper),0.84,1846,0.2189753908063757
4,RCUF-3 (paper),0.85,1868,0.221410727031711
4,RCUF-3 (paper),0.86,1890,0.22465356512975454
4,RCUF-3 (paper),0.87,1912,0.22703725841801042
4,RCUF-3 (paper),0.88,1934,0.2287290097010871
4,RCUF-3 (paper),0.89,1956,0.23135407537247904
4,RCUF-3 (paper),0.9,1978,0.23518465019981577
4,RCUF-3 (paper),0.91,2000,0.23684761904761775
4,RCUF-3 (paper),0.92,2022,0.23857331260891956
4,RCUF-3 (paper),0.93,2044,0.24089786599571195
4,RCUF-3 (paper),0.94,2066,0.24188217397316963
4,RCUF-3 (paper),0.95,2088,0.24563948184637696
4,RCUF-3 (paper),0.96,2110,0.24664861205145436
4,RCUF-3 (paper),0.97,2132,0.24879388903779032
4,RCUF-3 (paper),0.98,2154,0.2526749789980977
4,RCUF-3 (paper),0.99,2176,0.2547925420168057
4,RCUF-3 (paper),1.0,2198,0.2590666839984392
4,Threshold proximity,0.5,1099,0.1596083019194941
4,Threshold proximity,0.51,1121,0.16078756212565332
4,Threshold proximity,0.52,1143,0.1629421322334711
4,Threshold proximity,0.53,1165,0.16499489066012704
4,Threshold proximity,0.54,1187,0.16547518754763949
4,Threshold proximity,0.55,1209,0.16674544093898974
4,Threshold proximity,0.56,1231,0.16891029360566365
4,Threshold proximity,0.57,1253,0.16887090031543392
4,Threshold proximity,0.58,1275,0.1698001867413637
4,Threshold proximity,0.59,1297,0.17449058266328943
4,Threshold proximity,0.6,1319,0.17516877865626973
4,Threshold proximity,0.61,1341,0.17570043677426284
4,Threshold proximity,0.62,1363,0.17902735562310088
4,Threshold proximity,0.63,1385,0.18099707753137417
4,Threshold proximity,0.64,1407,0.18245507158087176
4,Threshold proximity,0.65,1429,0.1845912892798832
4,Threshold proximity,0.66,1451,0.18666929211381356
4,Threshold proximity,0.67,1473,0.18958393948210678
4,Threshold proximity,0.68,1495,0.19281414237936
4,Threshold proximity,0.69,1517,0.19692375302131415
4,Threshold proximity,0.7,1539,0.19800736408923555
4,Threshold proximity,0.71,1561,0.2001494768310912
4,Threshold proximity,0.72,1583,0.2017898504948409
4,Threshold proximity,0.73,1605,0.20220145379023863
4,Threshold proximity,0.74,1627,0.2040623993912252
4,Threshold proximity,0.75,1648,0.20492082755432234
4,Threshold proximity,0.76,1670,0.20685201026518346
4,Threshold proximity,0.77,1692,0.20904818192052183
4,Threshold proximity,0.78,1714,0.21237984108462465
4,Threshold proximity,0.79,1736,0.21393734913320103
4,Threshold proximity,0.8,1758,0.21642288314643196
4,Threshold proximity,0.81,1780,0.21880417335473443
4,Threshold proximity,0.82,1802,0.2210956080545418
4,Threshold proximity,0.83,1824,0.22355106516290643
4,Threshold proximity,0.84,1846,0.22608729298870053
4,Threshold proximity,0.85,1868,0.22780666870602537
4,Threshold proximity,0.86,1890,0.22949357520785993
4,Threshold proximity,0.87,1912,0.2317169754931251
4,Threshold proximity,0.88,1934,0.23245925050475097
4,Threshold proximity,0.89,1956,0.23468205278021123
4,Threshold proximity,0.9,1978,0.23885117242043322
4,Threshold proximity,0.91,2000,0.24052380952380836
4,Threshold proximity,0.92,2022,0.24278649145117862
4,Threshold proximity,0.93,2044,0.24424331376386035
4,Threshold proximity,0.94,2066,0.24603097773475174
4,Threshold proximity,0.95,2088,0.24748221127531342
4,Threshold proximity,0.96,2110,0.24958248702324412
4,Threshold proximity,0.97,2132,0.25194764585008383
4,Threshold proximity,0.98,2154,0.2537692885882292
4,Threshold proximity,0.99,2176,0.2558035714285707
4,Threshold proximity,1.0,2198,0.25906668399843946
4,RCUF-TA (revision),0.5,1099,0.14917457428831404
4,RCUF-TA (revision),0.51,1121,0.1533834586466166
4,RCUF-TA (revision),0.52,1143,0.15320168312294305
4,RCUF-TA (revision),0.53,1165,0.15545881872062148
4,RCUF-TA (revision),0.54,1187,0.1568459902916518
4,RCUF-TA (revision),0.55,1209,0.15785970302099356
4,RCUF-TA (revision),0.56,1231,0.15896483695021493
4,RCUF-TA (revision),0.57,1253,0.16043780640747946
4,RCUF-TA (revision),0.58,1275,0.16193090569561186
4,RCUF-TA (revision),0.59,1297,0.16507691742849828
4,RCUF-TA (revision),0.6,1319,0.1671757103144521
4,RCUF-TA (revision),0.61,1341,0.16843506977735198
4,RCUF-TA (revision),0.62,1363,0.17214827236837546
4,RCUF-TA (revision),0.63,1385,0.1726697610452127
4,RCUF-TA (revision),0.64,1407,0.17511760923274824
4,RCUF-TA (revision),0.65,1429,0.17677363457629422
4,RCUF-TA (revision),0.66,1451,0.17832693380591427
4,RCUF-TA (revision),0.67,1473,0.18091358743089941
4,RCUF-TA (revision),0.68,1495,0.18476190476190507
4,RCUF-TA (revision),0.69,1517,0.18794927331512723
4,RCUF-TA (revision),0.7,1539,0.18970265169095593
4,RCUF-TA (revision),0.71,1561,0.19172691498123923
4,RCUF-TA (revision),0.72,1583,0.1915952230544777
4,RCUF-TA (revision),0.73,1605,0.19397418780596354
4,RCUF-TA (revision),0.74,1627,0.19586443059092104
4,RCUF-TA (revision),0.75,1648,0.196766643550624
4,RCUF-TA (revision),0.76,1670,0.1983775306529796
4,RCUF-TA (revision),0.77,1692,0.20077395024203515
4,RCUF-TA (revision),0.78,1714,0.20346724454075654
4,RCUF-TA (revision),0.79,1736,0.20789719113451804
4,RCUF-TA (revision),0.8,1758,0.20978926269028622
4,RCUF-TA (revision),0.81,1780,0.21294542536115524
4,RCUF-TA (revision),0.82,1802,0.2159928122192268
4,RCUF-TA (revision),0.83,1824,0.2183401211361732
4,RCUF-TA (revision),0.84,1846,0.21990919878243761
4,RCUF-TA (revision),0.85,1868,0.22308810033649368
4,RCUF-TA (revision),0.86,1890,0.2242479213907778
4,RCUF-TA (revision),0.87,1912,0.22620043833432874
4,RCUF-TA (revision),0.88,1934,0.2293322499630661
4,RCUF-TA (revision),0.89,1956,0.23060424578829397
4,RCUF-TA (revision),0.9,1978,0.233061293273628
4,RCUF-TA (revision),0.91,2000,0.2345309523809514
4,RCUF-TA (revision),0.92,2022,0.2361334840563317
4,RCUF-TA (revision),0.93,2044,0.23996831609355965
4,RCUF-TA (revision),0.94,2066,0.24322131563176944
4,RCUF-TA (revision),0.95,2088,0.24504880496259684
4,RCUF-TA (revision),0.96,2110,0.24701196118257618
4,RCUF-TA (revision),0.97,2132,0.2511078352541757
4,RCUF-TA (revision),0.98,2154,0.2535106335941982
4,RCUF-TA (revision),0.99,2176,0.2554818802521001
4,RCUF-TA (revision),1.0,2198,0.25906668399843946
5,MSP,0.5,1099,0.1578534598552797
5,MSP,0.51,1121,0.1595216855698569
5,MSP,0.52,1143,0.16167145773444994
5,MSP,0.53,1165,0.16251788268955655
5,MSP,0.54,1187,0.16708789665824217
5,MSP,0.55,1209,0.16954192760644388
5,MSP,0.56,1231,0.17352520211984082
5,MSP,0.57,1253,0.1750541557405087
5,MSP,0.58,1275,0.17742670401493954
5,MSP,0.59,1297,0.1808422366633626
5,MSP,0.6,1319,0.18318350842990747
5,MSP,0.61,1341,0.18611910088420183
5,MSP,0.62,1363,0.18627677042937527
5,MSP,0.63,1385,0.18842014784253075
5,MSP,0.64,1407,0.1898636071343962
5,MSP,0.65,1429,0.19033623246359435
5,MSP,0.66,1451,0.1935610908732893
5,MSP,0.67,1473,0.19512818026056303
5,MSP,0.68,1495,0.19506609332696268
5,MSP,0.69,1517,0.19678563581002576
5,MSP,0.7,1539,0.19951731179801324
5,MSP,0.71,1561,0.20050639089716563
5,MSP,0.72,1583,0.20207863309568883
5,MSP,0.73,1605,0.2043346684468174
5,MSP,0.74,1627,0.20679603125823098
5,MSP,0.75,1648,0.2069319232547381
5,MSP,0.76,1670,0.2099144568006836
5,MSP,0.77,1692,0.21181470224023335
5,MSP,0.78,1714,0.2117797410679549
5,MSP,0.79,1736,0.21372339258283862
5,MSP,0.8,1758,0.21675605395741815
5,MSP,0.81,1780,0.21834670947030393
5,MSP,0.82,1802,0.2223402568574589
5,MSP,0.83,1824,0.22415413533834472
5,MSP,0.84,1846,0.22514832585254999
5,MSP,0.85,1868,0.22742173957377257
5,MSP,0.86,1890,0.2293953136810266
5,MSP,0.87,1912,0.23087019326558939
5,MSP,0.88,1934,0.23281134584133406
5,MSP,0.89,1956,0.2364129905540934
5,MSP,0.9,1978,0.23826616592036057
5,MSP,0.91,2000,0.23989523809523655
5,MSP,0.92,2022,0.24302199613772157
5,MSP,0.93,2044,0.24632606467244272
5,MSP,0.94,2066,0.24926934955976418
5,MSP,0.95,2088,0.25215061120233384
5,MSP,0.96,2110,0.25370796659896044
5,MSP,0.97,2132,0.2558585723219856
5,MSP,0.98,2154,0.2590485033381957
5,MSP,0.99,2176,0.2625568977591024
5,MSP,1.0,2198,0.2659950604445588
5,Entropy,0.5,1099,0.15991594089865238
5,Entropy,0.51,1121,0.16219786755023147
5,Entropy,0.52,1143,0.16467524892721738
5,Entropy,0.53,1165,0.16689556509298997
5,Entropy,0.54,1187,0.1672563886548722
5,Entropy,0.55,1209,0.16816337784079718
5,Entropy,0.56,1231,0.17100692429693246
5,Entropy,0.57,1253,0.17140956941435795
5,Entropy,0.58,1275,0.17261624649859947
5,Entropy,0.59,1297,0.17613907552226754
5,Entropy,0.6,1319,0.17777537095202
5,Entropy,0.61,1341,0.18104825822946635
5,Entropy,0.62,1363,0.18423994689585307
5,Entropy,0.63,1385,0.18557331958053985
5,Entropy,0.64,1407,0.18687853250753036
5,Entropy,0.65,1429,0.1883401646172814
5,Entropy,0.66,1451,0.19099799809655066
5,Entropy,0.67,1473,0.1924740568325087
5,Entropy,0.68,1495,0.19434623347666793
5,Entropy,0.69,1517,0.1947201556957651
5,Entropy,0.7,1539,0.19726476685540964
5,Entropy,0.71,1561,0.19896891492022764
5,Entropy,0.72,1583,0.20106789399271965
5,Entropy,0.73,1605,0.2041477525589668
5,Entropy,0.74,1627,0.20507507243831685
5,Entropy,0.75,1648,0.2068510171058706
5,Entropy,0.76,1670,0.20825777017393687
5,Entropy,0.77,1692,0.20976584487222685
5,Entropy,0.78,1714,0.21119631049619275
5,Entropy,0.79,1736,0.21393460610050363
5,Entropy,0.8,1758,0.21666124925510474
5,Entropy,0.81,1780,0.2176350989834124
5,Entropy,0.82,1802,0.21869615770836512
5,Entropy,0.83,1824,0.22139463241436796
5,Entropy,0.84,1846,0.22348707630397638
5,Entropy,0.85,1868,0.2265652085245219
5,Entropy,0.86,1890,0.22763164525069138
5,Entropy,0.87,1912,0.22903964933253482
5,Entropy,0.88,1934,0.23239769537597718
5,Entropy,0.89,1956,0.2346406660823823
5,Entropy,0.9,1978,0.23580576821223778
5,Entropy,0.91,2000,0.23837857142856977
5,Entropy,0.92,2022,0.24091187414629384
5,Entropy,0.93,2044,0.24412449911471268
5,Entropy,0.94,2066,0.2482206241644753
5,Entropy,0.95,2088,0.2515918627987577
5,Entropy,0.96,2110,0.2547348228390867
5,Entropy,0.97,2132,0.2558585723219855
5,Entropy,0.98,2154,0.258816377061501
5,Entropy,0.99,2176,0.26217393207282774
5,Entropy,1.0,2198,0.2659950604445586
5,Logit magnitude,0.5,1099,0.15820009532475413
5,Logit magnitude,0.51,1121,0.15873157469946053
5,Logit magnitude,0.52,1143,0.161429821272341
5,Logit magnitude,0.53,1165,0.16473329245861443
5,Logit magnitude,0.54,1187,0.16606089782163927
5,Logit magnitude,0.55,1209,0.1675056126669031
5,Logit magnitude,0.56,1231,0.1692507059688214
5,Logit magnitude,0.57,1253,0.1696575837038727
5,Logit magnitude,0.58,1275,0.17133146591970133
5,Logit magnitude,0.59,1297,0.17150934390718528
5,Logit magnitude,0.6,1319,0.17248998158778317
5,Logit magnitude,0.61,1341,0.17515358119384988
5,Logit magnitude,0.62,1363,0.17834259162212232
5,Logit magnitude,0.63,1385,0.18318720990201162
5,Logit magnitude,0.64,1407,0.1873117406166449
5,Logit magnitude,0.65,1429,0.18939651437901975
5,Logit magnitude,0.66,1451,0.1900922188310197
5,Logit magnitude,0.67,1473,0.19060226942100666
5,Logit magnitude,0.68,1495,0.1919222806179327
5,Logit magnitude,0.69,1517,0.1945004237687163
5,Logit magnitude,0.7,1539,0.1988675392184162
5,Logit magnitude,0.71,1561,0.20014337573594432
5,Logit magnitude,0.72,1583,0.20233131787143122
5,Logit magnitude,0.73,1605,0.20310933095979783
5,Logit magnitude,0.74,1627,0.2062223783182598
5,Logit magnitude,0.75,1648,0.20654761904761842
5,Logit magnitude,0.76,1670,0.20745936698032436
5,Logit magnitude,0.77,1692,0.21037656197230592
5,Logit magnitude,0.78,1714,0.21331610824026148
5,Logit magnitude,0.79,1736,0.2146642527978925
5,Logit magnitude,0.8,1758,0.21595969445798707
5,Logit magnitude,0.81,1780,0.2183654360620643
5,Logit magnitude,0.82,1802,0.21986152951746638
5,Logit magnitude,0.83,1824,0.220407790309105
5,Logit magnitude,0.84,1846,0.22366764690708238
5,Logit magnitude,0.85,1868,0.22417405934536438
5,Logit magnitude,0.86,1890,0.22738473167044473
5,Logit magnitude,0.87,1912,0.2287955768081278
5,Logit magnitude,0.88,1934,0.2318116905500553
5,Logit magnitude,0.89,1956,0.23457249975654748
5,Logit magnitude,0.9,1978,0.2364124416197203
5,Logit magnitude,0.91,2000,0.23789523809523666
5,Logit magnitude,0.92,2022,0.23951062126136163
5,Logit magnitude,0.93,2044,0.244206038579814
5,Logit magnitude,0.94,2066,0.24781726824321057
5,Logit magnitude,0.95,2088,0.2511927567962037
5,Logit magnitude,0.96,2110,0.25378695554050873
5,Logit magnitude,0.97,2132,0.25554587688733904
5,Logit magnitude,0.98,2154,0.25881637706150123
5,Logit magnitude,0.99,2176,0.26255689775910246
5,Logit magnitude,1.0,2198,0.26599506044455884
5,RCUF-3 (paper),0.5,1099,0.15857706139780753
5,RCUF-3 (paper),0.51,1121,0.16055817509876383
5,RCUF-3 (paper),0.52,1143,0.16283381244011166
5,RCUF-3 (paper),0.53,1165,0.1649376660535459
5,RCUF-3 (paper),0.54,1187,0.1671881895133791
5,RCUF-3 (paper),0.55,1209,0.16886053015085276
5,RCUF-3 (paper),0.56,1231,0.16817144404471787
5,RCUF-3 (paper),0.57,1253,0.16881009386995027
5,RCUF-3 (paper),0.58,1275,0.17211951447245571
5,RCUF-3 (paper),0.59,1297,0.17293387671182586
5,RCUF-3 (paper),0.6,1319,0.1771002563269433
5,RCUF-3 (paper),0.61,1341,0.17888214196939042
5,RCUF-3 (paper),0.62,1363,0.18020123676763458
5,RCUF-3 (paper),0.63,1385,0.18215231218841343
5,RCUF-3 (paper),0.64,1407,0.18622195146715412
5,RCUF-3 (paper),0.65,1429,0.1877703355659969
5,RCUF-3 (paper),0.66,1451,0.19248137573430474
5,RCUF-3 (paper),0.67,1473,0.1939061843338828
5,RCUF-3 (paper),0.68,1495,0.1949992036948557
5,RCUF-3 (paper),0.69,1517,0.1956210565966661
5,RCUF-3 (paper),0.7,1539,0.19696153965159777
5,RCUF-3 (paper),0.71,1561,0.1994173454135013
5,RCUF-3 (paper),0.72,1583,0.200983665734139
5,RCUF-3 (paper),0.73,1605,0.20074172971369172
5,RCUF-3 (paper),0.74,1627,0.20437849386835183
5,RCUF-3 (paper),0.75,1648,0.20648693943596785
5,RCUF-3 (paper),0.76,1670,0.20757912745936621
5,RCUF-3 (paper),0.77,1692,0.2099825509399969
5,RCUF-3 (paper),0.78,1714,0.21246041006834382
5,RCUF-3 (paper),0.79,1736,0.21326256308975108
5,RCUF-3 (paper),0.8,1758,0.21421528793542344
5,RCUF-3 (paper),0.81,1780,0.21643659711075333
5,RCUF-3 (paper),0.82,1802,0.2183816922995602
5,RCUF-3 (paper),0.83,1824,0.22113878446115168
5,RCUF-3 (paper),0.84,1846,0.2225842232884474
5,RCUF-3 (paper),0.85,1868,0.22549454471295882
5,RCUF-3 (paper),0.86,1890,0.2259032501889631
5,RCUF-3 (paper),0.87,1912,0.22835973301454332
5,RCUF-3 (paper),0.88,1934,0.2308465061308894
5,RCUF-3 (paper),0.89,1956,0.23412941863861958
5,RCUF-3 (paper),0.9,1978,0.23575521209494768
5,RCUF-3 (paper),0.91,2000,0.23714523809523652
5,RCUF-3 (paper),0.92,2022,0.2416537139089052
5,RCUF-3 (paper),0.93,2044,0.2439614201845105
5,RCUF-3 (paper),0.94,2066,0.24789793942746344
5,RCUF-3 (paper),0.95,2088,0.2520707900018229
5,RCUF-3 (paper),0.96,2110,0.2555247122545687
5,RCUF-3 (paper),0.97,2132,0.2560149200393089
5,RCUF-3 (paper),0.98,2154,0.2592806296148901
5,RCUF-3 (paper),0.99,2176,0.26286327030812195
5,RCUF-3 (paper),1.0,2198,0.26599506044455873
5,Threshold proximity,0.5,1099,0.14516660167251624
5,Threshold proximity,0.51,1121,0.14841340639734946
5,Threshold proximity,0.52,1143,0.14998958463525408
5,Threshold proximity,0.53,1165,0.1536235438381363
5,Threshold proximity,0.54,1187,0.15597143659485724
5,Threshold proximity,0.55,1209,0.15743432195045126
5,Threshold proximity,0.56,1231,0.16057792735290738
5,Threshold proximity,0.57,1253,0.16440922737810246
5,Threshold proximity,0.58,1275,0.16659197012138233
5,Threshold proximity,0.59,1297,0.16906781216727293
5,Threshold proximity,0.6,1319,0.17221199321275188
5,Threshold proximity,0.61,1341,0.17602357870814297
5,Threshold proximity,0.62,1363,0.17817838800964314
5,Threshold proximity,0.63,1385,0.18216606498195
5,Threshold proximity,0.64,1407,0.18483771618100034
5,Threshold proximity,0.65,1429,0.1875437368789368
5,Threshold proximity,0.66,1451,0.18918643956548892
5,Threshold proximity,0.67,1473,0.1906895548443413
5,Threshold proximity,0.68,1495,0.19400541487498038
5,Threshold proximity,0.69,1517,0.1972784631321218
5,Threshold proximity,0.7,1539,0.20078282125065755
5,Threshold proximity,0.71,1561,0.20242213477319174
5,Threshold proximity,0.72,1583,0.20367295370453922
5,Threshold proximity,0.73,1605,0.2061622904613557
5,Threshold proximity,0.74,1627,0.20728773377820678
5,Threshold proximity,0.75,1648,0.2105726999537676
5,Threshold proximity,0.76,1670,0.21211576846307345
5,Threshold proximity,0.77,1692,0.21124057187886933
5,Threshold proximity,0.78,1714,0.2133966772239813
5,Threshold proximity,0.79,1736,0.21618937897739685
5,Threshold proximity,0.8,1758,0.217490113223901
5,Threshold proximity,0.81,1780,0.21890850722311328
5,Threshold proximity,0.82,1802,0.21979810792241353
5,Threshold proximity,0.83,1824,0.223652882205513
5,Threshold proximity,0.84,1846,0.2255197853789395
5,Threshold proximity,0.85,1868,0.22739624757825955
5,Threshold proximity,0.86,1890,0.2304812295288477
5,Threshold proximity,0.87,1912,0.2330469216975484
5,Threshold proximity,0.88,1934,0.23568720145762448
5,Threshold proximity,0.89,1956,0.23690476190476087
5,Threshold proximity,0.9,1978,0.2398309981222003
5,Threshold proximity,0.91,2000,0.2422142857142846
5,Threshold proximity,0.92,2022,0.24492487400499158
5,Threshold proximity,0.93,2044,0.24762137731804937
5,Threshold proximity,0.94,2066,0.24971188862766683
5,Threshold proximity,0.95,2088,0.2523216566320005
5,Threshold proximity,0.96,2110,0.2532927104491078
5,Threshold proximity,0.97,2132,0.2558853747878132
5,Threshold proximity,0.98,2154,0.2596321351195998
5,Threshold proximity,0.99,2176,0.2622658438375347
5,Threshold proximity,1.0,2198,0.2659950604445597
5,RCUF-TA (revision),0.5,1099,0.14477663676935745
5,RCUF-TA (revision),0.51,1121,0.14739390850006379
5,RCUF-TA (revision),0.52,1143,0.15234345706786662
5,RCUF-TA (revision),0.53,1165,0.15424483956672808
5,RCUF-TA (revision),0.54,1187,0.15487623861676109
5,RCUF-TA (revision),0.55,1209,0.1605380282799639
5,RCUF-TA (revision),0.56,1231,0.16213686124327897
5,RCUF-TA (revision),0.57,1253,0.1633755178048875
5,RCUF-TA (revision),0.58,1275,0.16701400560224108
5,RCUF-TA (revision),0.59,1297,0.17089620736498165
5,RCUF-TA (revision),0.6,1319,0.17287988736055473
5,RCUF-TA (revision),0.61,1341,0.17430133873086914
5,RCUF-TA (revision),0.62,1363,0.17736435733501055
5,RCUF-TA (revision),0.63,1385,0.177923328176036
5,RCUF-TA (revision),0.64,1407,0.17883710698209662
5,RCUF-TA (revision),0.65,1429,0.18245859575460724
5,RCUF-TA (revision),0.66,1451,0.18550424994256856
5,RCUF-TA (revision),0.67,1473,0.18714641321565975
5,RCUF-TA (revision),0.68,1495,0.18704570791527317
5,RCUF-TA (revision),0.69,1517,0.1894591455567065
5,RCUF-TA (revision),0.7,1539,0.19232340109533083
5,RCUF-TA (revision),0.71,1561,0.1951069216924437
5,RCUF-TA (revision),0.72,1583,0.197807057124808
5,RCUF-TA (revision),0.73,1605,0.198813232458092
5,RCUF-TA (revision),0.74,1627,0.19897269294933667
5,RCUF-TA (revision),0.75,1648,0.20181749884419742
5,RCUF-TA (revision),0.76,1670,0.20347020245223782
5,RCUF-TA (revision),0.77,1692,0.20515873015872957
5,RCUF-TA (revision),0.78,1714,0.20658998722009156
5,RCUF-TA (revision),0.79,1736,0.20924402018871996
5,RCUF-TA (revision),0.8,1758,0.21127092475215264
5,RCUF-TA (revision),0.81,1780,0.21439004815409224
5,RCUF-TA (revision),0.82,1802,0.2176919824533578
5,RCUF-TA (revision),0.83,1824,0.21976817042606422
5,RCUF-TA (revision),0.84,1846,0.22068823195583653
5,RCUF-TA (revision),0.85,1868,0.22383501580503612
5,RCUF-TA (revision),0.86,1890,0.22539178634416612
5,RCUF-TA (revision),0.87,1912,0.2295975293883232
5,RCUF-TA (revision),0.88,1934,0.23013985325257175
5,RCUF-TA (revision),0.89,1956,0.23164134774564088
5,RCUF-TA (revision),0.9,1978,0.23487890606191783
5,RCUF-TA (revision),0.91,2000,0.2373452380952367
5,RCUF-TA (revision),0.92,2022,0.24079647684988786
5,RCUF-TA (revision),0.93,2044,0.2434558755008838
5,RCUF-TA (revision),0.94,2066,0.24733324113769267
5,RCUF-TA (revision),0.95,2088,0.24935686918445396
5,RCUF-TA (revision),0.96,2110,0.25151207402392106
5,RCUF-TA (revision),0.97,2132,0.2559992852675767
5,RCUF-TA (revision),0.98,2154,0.25866162621037164
5,RCUF-TA (revision),0.99,2176,0.26140800070027914
5,RCUF-TA (revision),1.0,2198,0.26599506044455906
