seed,label,raw_operational_decision_ece,calibrated_operational_decision_ece
1,NORM,0.06182398831722591,0.024991523054918634
1,MI,0.07483944365445551,0.0629856192406438
1,STTC,0.062909404473457,0.048312719080077504
1,CD,0.04376647530070206,0.052889627093576676
1,HYP,0.12272233336657766,0.1322632089334059
2,NORM,0.04786667798556355,0.019236732638441965
2,MI,0.027271680270288007,0.028853716930868807
2,STTC,0.05400332673518579,0.033639660229128676
2,CD,0.07565703406475836,0.06286650467769928
2,HYP,0.12581468361862838,0.1398743868488047
3,NORM,0.0498305215412333,0.0382461205041168
3,MI,0.024759697812261387,0.02132572783618258
3,STTC,0.04393938353823706,0.02985173504250371
3,CD,0.01692093147789221,0.028741364172772225
3,HYP,0.16213993130635193,0.15200700540326703
4,NORM,0.0598373024099598,0.031028743993483494
4,MI,0.033405139235458896,0.03515406544259205
4,STTC,0.08632219813377015,0.06638695919647696
4,CD,0.06062878368622751,0.07408588272606141
4,HYP,0.1531273722404485,0.15145672988836142
5,NORM,0.04040465018027312,0.023189760734326867
5,MI,0.049403005626511204,0.025411017285776494
5,STTC,0.07930461522226714,0.07033982122693322
5,CD,0.04262431686897643,0.03804784530567083
5,HYP,0.16567832157736836,0.16060826585069649
