metric,paper_mean,recalculated_mean,paper_sd,recalculated_sd,matches_rounding
Macro-AUC,0.8971,0.8971179863339398,0.0018,0.0017781969150557828,True
Macro-F1,0.6864,0.6864000387032156,0.0061,0.006117488536764964,True
Micro-F1,0.7334,0.7333919665387547,0.0039,0.0038533939404702686,True
RCUF Macro-F1@90,0.7101,0.7100631332670762,0.0062,0.006214583437202136,True
RCUF Risk@90,0.2372,0.23716596851076127,0.0033,0.003321389816630504,True
RCUF pAURC (coarse),0.1026,0.10261495853361427,0.0017,0.0016830511015407533,True
RCUF rejected/accepted ratio,2.2357,2.2356834013393976,0.254,0.2540071137045444,True
Raw Micro-ECE,0.0474,0.04741066063195271,0.0098,0.009827284946012739,True
Temperature-scaled Micro-ECE,0.0311,0.03109034388792533,0.0053,0.005332476891546024,True
