seed,score_1,score_2,spearman_rho,p_value
1,MSP_risk,Entropy_risk,0.9782205619883422,0.0
1,MSP_risk,Energy_risk,0.923614627050833,0.0
1,MSP_risk,Threshold_proximity,0.8490922017846636,0.0
1,Entropy_risk,Energy_risk,0.9715438386121025,0.0
1,Entropy_risk,Threshold_proximity,0.8437950600833151,0.0
1,Energy_risk,Threshold_proximity,0.7777605348227719,0.0
2,MSP_risk,Entropy_risk,0.9729191419116637,0.0
2,MSP_risk,Energy_risk,0.9062939522442991,0.0
2,MSP_risk,Threshold_proximity,0.9160359722068536,0.0
2,Entropy_risk,Energy_risk,0.9664064195329003,0.0
2,Entropy_risk,Threshold_proximity,0.8826358701330225,0.0
2,Energy_risk,Threshold_proximity,0.7938805026909527,0.0
3,MSP_risk,Entropy_risk,0.976704842143973,0.0
3,MSP_risk,Energy_risk,0.9339114675775866,0.0
3,MSP_risk,Threshold_proximity,0.9154535252288145,0.0
3,Entropy_risk,Energy_risk,0.9792763047783478,0.0
3,Entropy_risk,Threshold_proximity,0.8988213572624894,0.0
3,Energy_risk,Threshold_proximity,0.8428642241559402,0.0
4,MSP_risk,Entropy_risk,0.9741319824891714,0.0
4,MSP_risk,Energy_risk,0.9150300135332408,0.0
4,MSP_risk,Threshold_proximity,0.8469319818389397,0.0
4,Entropy_risk,Energy_risk,0.9695214745509397,0.0
4,Entropy_risk,Threshold_proximity,0.8166399078830762,0.0
4,Energy_risk,Threshold_proximity,0.7233087084110977,0.0
5,MSP_risk,Entropy_risk,0.9752386914608493,0.0
5,MSP_risk,Energy_risk,0.900753870921526,0.0
5,MSP_risk,Threshold_proximity,0.8645987832986507,0.0
5,Entropy_risk,Energy_risk,0.9592209220685465,0.0
5,Entropy_risk,Threshold_proximity,0.8416380040427812,0.0
5,Energy_risk,Threshold_proximity,0.7454249729905946,0.0
