seed,method,macro_f1_90,risk_90,exact_match_risk_90,rejected_risk_90,error_ratio_90,coarse_paurc,dense_paurc,normalized_dense_paurc,oracle_dense_paurc,random_dense_paurc,excess_over_oracle,relative_excess_vs_random
1,MSP,0.7126605907824721,0.23362222543213443,0.38422649140546006,0.6178787878787879,2.644777425332237,0.10112502441550257,0.10085058597124608,0.20170117194249215,0.0472697484379177,0.1360414229386022,0.053580837533328374,0.6035803406289832
1,Entropy,0.7108831515278203,0.23412778660503636,0.3852376137512639,0.6133333333333334,2.61965203800436,0.10110152559630627,0.10052560410628801,0.20105120821257602,0.0472697484379177,0.1360414229386022,0.05325585566837031,0.5999194671940054
1,Logit magnitude,0.7108764572133806,0.23395926621406904,0.3852376137512639,0.6148484848484849,2.6280151019361986,0.10106934596097639,0.10106635153917819,0.20213270307835637,0.0472697484379177,0.1360414229386022,0.053796603101260485,0.6060109083652092
1,RCUF-3 (paper),0.7110008809416164,0.23362222543213443,0.38473205257836196,0.6178787878787879,2.644777425332237,0.10068511030257293,0.10040821159675223,0.20081642319350446,0.0472697484379177,0.1360414229386022,0.053138463158834526,0.59859705765069
1,Threshold proximity,0.6978408053162045,0.24009581587943574,0.3731041456016178,0.5596753246753247,2.3310498878346384,0.10299146119005495,0.10291602946662598,0.20583205893325196,0.0472697484379177,0.1360414229386022,0.05564628102870828,0.6268472611528716
1,RCUF-TA (revision),0.7105900543275235,0.2322403582262025,0.38018200202224467,0.6303030303030304,2.7140116176065923,0.09920260893043463,0.09902902612524492,0.19805805225048984,0.0472697484379177,0.1360414229386022,0.051759277687327215,0.5830607339385957
2,MSP,0.710219802861408,0.24096971447830903,0.4529828109201213,0.47803030303030297,1.983777521856727,0.10507869240095014,0.1049884502657581,0.2099769005315162,0.052035321614881565,0.13234867195285757,0.05295312865087653,0.6593315859447809
2,Entropy,0.7151584145399245,0.23660503635225577,0.45096056622851366,0.5172727272727272,2.1862287263514353,0.10452747706714328,0.10437429639112152,0.20874859278224303,0.052035321614881565,0.13234867195285757,0.05233897477623995,0.651684614774333
2,Logit magnitude,0.7136782328633262,0.2377004188935433,0.45096056622851366,0.5074242424242424,2.1347217004758323,0.1049708586988279,0.10480327162799646,0.20960654325599293,0.052035321614881565,0.13234867195285757,0.0527679500131149,0.6570258841283039
2,RCUF-3 (paper),0.7119785093239621,0.23973951562424767,0.4524772497472194,0.4890909090909091,2.040093006016909,0.10411148836517092,0.10440050078736995,0.2088010015747399,0.052035321614881565,0.13234867195285757,0.05236517917248839,0.6520108917399704
2,Threshold proximity,0.7097497212438277,0.23984303529298476,0.43882709807886755,0.4881601731601732,2.0353318684607706,0.10469139086201758,0.10476499998388816,0.20952999996777633,0.052035321614881565,0.13234867195285757,0.0527296783690066,0.656549355083665
2,RCUF-TA (revision),0.7140427685297862,0.23754393567335938,0.44590495449949447,0.5088311688311689,2.142050763741027,0.10328696052728566,0.10346314997898673,0.20692629995797346,0.052035321614881565,0.13234867195285757,0.051427828364105165,0.6403397212005937
3,MSP,0.7000637849516744,0.24122490249891665,0.43933265925176945,0.5334848484848483,2.211566231174015,0.10430017175561086,0.10425696549605733,0.20851393099211465,0.052672509126445194,0.13523874517960052,0.05158445636961213,0.6247645385748548
3,Entropy,0.700381569941511,0.2400958158794357,0.4398382204246714,0.5436363636363636,2.26424755319081,0.10336663593677463,0.10329564303974251,0.20659128607948501,0.052672509126445194,0.13523874517960052,0.050623133913297313,0.6131214929151747
3,Logit magnitude,0.699515538728839,0.24085415763878856,0.4403437815975733,0.5368181818181817,2.2288101109853105,0.10380001053302669,0.10359353135853963,0.20718706271707926,0.052672509126445194,0.13523874517960052,0.05092102223209444,0.6167293637960193
3,RCUF-3 (paper),0.6992389153221779,0.24152823920265784,0.4408493427704752,0.5307575757575758,2.197496978033429,0.1036820544375719,0.10351749888770317,0.20703499777540635,0.052672509126445194,0.13523874517960052,0.05084498976125798,0.6158084974168433
3,Threshold proximity,0.7014400763309407,0.23855746545331985,0.435793731041456,0.5574675324675324,2.3368270257575143,0.10397052393549848,0.1044457686839653,0.2088915373679306,0.052672509126445194,0.13523874517960052,0.0517732595575201,0.6270512261717851
3,RCUF-TA (revision),0.7022452435911589,0.23803505224132118,0.4373104145601618,0.5621645021645021,2.361687897942765,0.10301276252250112,0.10291686683367812,0.20583373366735624,0.052672509126445194,0.13523874517960052,0.05024435770723293,0.6085339493359744
4,MSP,0.7113867288049505,0.2366339255621359,0.43427704752275026,0.4607575757575758,1.9471323676984305,0.10192430232184797,0.10198005998257535,0.2039601199651507,0.04843278024752102,0.1295333419992201,0.05354727973505433,0.6602578154636827
4,Entropy,0.7147909143519724,0.2334151860946603,0.4332659251769464,0.4896969696969697,2.0979653376039367,0.10085817947433463,0.10082759498800567,0.20165518997601134,0.04843278024752102,0.1295333419992201,0.05239481474048465,0.6460474947251147
4,Logit magnitude,0.7145739319681546,0.23375222687659492,0.43377148634984836,0.48666666666666664,2.0819766004778777,0.10084658965774791,0.10076841128558042,0.20153682257116085,0.04843278024752102,0.1295333419992201,0.0523356310380594,0.6453177377277902
4,RCUF-3 (paper),0.7133404122562499,0.23518465019981707,0.43427704752275026,0.4737878787878788,2.014535720700055,0.10087905644825393,0.10070135035635507,0.20140270071271013,0.04843278024752102,0.1295333419992201,0.052268570108834046,0.6444908516029978
4,Threshold proximity,0.7095490579258694,0.23885117242043427,0.416582406471183,0.4408225108225108,1.8455949215378329,0.10371341532655723,0.10342775075246201,0.20685550150492402,0.04843278024752102,0.1295333419992201,0.05499497050494099,0.6781083794871351
4,RCUF-TA (revision),0.713847589415494,0.233061293273629,0.42264914054600605,0.4928787878787879,2.1148032818135802,0.10041733664532489,0.10011224726984885,0.2002244945396977,0.04843278024752102,0.1295333419992201,0.051679467022327834,0.6372269920959596
5,MSP,0.7127611871530245,0.2382661659203621,0.44641051567239637,0.5153030303030304,2.162720117279534,0.10496126140829974,0.10475009457842327,0.20950018915684654,0.05115873551087618,0.13299753022228,0.05359135906754709,0.6548405222307044
5,Entropy,0.7140613590387851,0.23580576821223945,0.44641051567239637,0.5374242424242425,2.279097099696595,0.10409742300769827,0.10405005734260207,0.20810011468520415,0.05115873551087618,0.13299753022228,0.052891321831725895,0.6462866665893817
5,Logit magnitude,0.714127711902325,0.23641244161972175,0.44742163801820023,0.531969696969697,2.2501764007217107,0.10348157333038506,0.10361085666613798,0.20722171333227596,0.05115873551087618,0.13299753022228,0.0524521211552618,0.640920010371962
5,RCUF-3 (paper),0.7147569484913743,0.2357552120949492,0.4448938321536906,0.537878787878788,2.281513876614359,0.10371708311450169,0.10369947667007823,0.20739895334015646,0.05115873551087618,0.13299753022228,0.05254074115920205,0.6420028709425845
5,Threshold proximity,0.7062403141022957,0.23983099812220138,0.4277047522750253,0.5012337662337663,2.089945712431935,0.10349689164949633,0.10344211345082818,0.20688422690165637,0.05115873551087618,0.13299753022228,0.052283377939952004,0.6388581127608736
5,RCUF-TA (revision),0.7144009927576792,0.2348789060619192,0.4373104145601618,0.5457575757575758,2.323569982966892,0.10165789610415225,0.10165591271116564,0.20331182542233128,0.05115873551087618,0.13299753022228,0.05049717720028946,0.6170322690890381
