seed,method,group_type,group,n_records,rejection_rate,macro_f1_all,sample_error_all
1,RCUF-3 (paper),age,40-64,866,0.08083140877598152,0.6453073902968175,0.25315077532167607
1,RCUF-3 (paper),age,<40,284,0.05985915492957746,0.5499769049904699,0.1585680751173709
1,RCUF-3 (paper),age,65+,1048,0.1269083969465649,0.6876444996627284,0.3184887313704108
1,RCUF-3 (paper),sex,0,1132,0.09540636042402827,0.6938098640838526,0.2498822143698469
1,RCUF-3 (paper),sex,1,1066,0.1050656660412758,0.6731764066375993,0.29565800053604935
1,RCUF-TA (revision),age,40-64,866,0.06928406466512702,0.6453073902968175,0.25315077532167607
1,RCUF-TA (revision),age,<40,284,0.04929577464788732,0.5499769049904699,0.1585680751173709
1,RCUF-TA (revision),age,65+,1048,0.13931297709923665,0.6876444996627284,0.3184887313704108
1,RCUF-TA (revision),sex,0,1132,0.10424028268551237,0.6938098640838526,0.2498822143698469
1,RCUF-TA (revision),sex,1,1066,0.09568480300187618,0.6731764066375993,0.29565800053604935
2,RCUF-3 (paper),age,40-64,866,0.08891454965357967,0.6506085486650706,0.2521774991751897
2,RCUF-3 (paper),age,<40,284,0.07746478873239436,0.5653641094267006,0.15610328638497656
2,RCUF-3 (paper),age,65+,1048,0.11545801526717557,0.6951916632335977,0.3044711014176663
2,RCUF-3 (paper),sex,0,1132,0.08833922261484099,0.7048345194587547,0.24117449099781252
2,RCUF-3 (paper),sex,1,1066,0.1125703564727955,0.6744735855228023,0.28967658357902265
2,RCUF-TA (revision),age,40-64,866,0.09815242494226328,0.6506085486650706,0.2521774991751897
2,RCUF-TA (revision),age,<40,284,0.07042253521126761,0.5653641094267006,0.15610328638497656
2,RCUF-TA (revision),age,65+,1048,0.10973282442748092,0.6951916632335977,0.3044711014176663
2,RCUF-TA (revision),sex,0,1132,0.08745583038869258,0.7048345194587547,0.24117449099781252
2,RCUF-TA (revision),sex,1,1066,0.11350844277673545,0.6744735855228023,0.28967658357902265
3,RCUF-3 (paper),age,40-64,866,0.08545034642032333,0.6369856638889232,0.2512372154404487
3,RCUF-3 (paper),age,<40,284,0.06338028169014084,0.566879422241741,0.16493963782696178
3,RCUF-3 (paper),age,65+,1048,0.12213740458015267,0.6801179461022725,0.3149763722282806
3,RCUF-3 (paper),sex,0,1132,0.08303886925795052,0.6853188313561518,0.24977704862863875
3,RCUF-3 (paper),sex,1,1066,0.11819887429643527,0.6668680473355172,0.29245957294737784
3,RCUF-TA (revision),age,40-64,866,0.08083140877598152,0.6369856638889232,0.2512372154404487
3,RCUF-TA (revision),age,<40,284,0.05985915492957746,0.566879422241741,0.16493963782696178
3,RCUF-TA (revision),age,65+,1048,0.1269083969465649,0.6801179461022725,0.3149763722282806
3,RCUF-TA (revision),sex,0,1132,0.09010600706713781,0.6853188313561518,0.24977704862863875
3,RCUF-TA (revision),sex,1,1066,0.11069418386491557,0.6668680473355172,0.29245957294737784
4,RCUF-3 (paper),age,40-64,866,0.08660508083140878,0.6571859926137774,0.2385571318596723
4,RCUF-3 (paper),age,<40,284,0.06338028169014084,0.5768008229394368,0.1289906103286385
4,RCUF-3 (paper),age,65+,1048,0.12118320610687022,0.6890142848031496,0.31126408578698656
4,RCUF-3 (paper),sex,0,1132,0.08392226148409894,0.7054399263554784,0.23721184586908972
4,RCUF-3 (paper),sex,1,1066,0.11726078799249531,0.6761308307957986,0.28227463593317254
4,RCUF-TA (revision),age,40-64,866,0.08429561200923788,0.6571859926137774,0.2385571318596723
4,RCUF-TA (revision),age,<40,284,0.035211267605633804,0.5768008229394368,0.1289906103286385
4,RCUF-TA (revision),age,65+,1048,0.13072519083969467,0.6890142848031496,0.31126408578698656
4,RCUF-TA (revision),sex,0,1132,0.08392226148409894,0.7054399263554784,0.23721184586908972
4,RCUF-TA (revision),sex,1,1066,0.11726078799249531,0.6761308307957986,0.28227463593317254
5,RCUF-3 (paper),age,40-64,866,0.09815242494226328,0.6492039014323088,0.24084460574067965
5,RCUF-3 (paper),age,<40,284,0.04225352112676056,0.5354066490511376,0.16552649228705568
5,RCUF-3 (paper),age,65+,1048,0.11736641221374046,0.6945539093227071,0.31400399854598326
5,RCUF-3 (paper),sex,0,1132,0.09275618374558305,0.7016884017716165,0.2430927141174491
5,RCUF-3 (paper),sex,1,1066,0.10787992495309569,0.6744991955677879,0.29031537568122934
5,RCUF-TA (revision),age,40-64,866,0.09468822170900693,0.6492039014323088,0.24084460574067965
5,RCUF-TA (revision),age,<40,284,0.045774647887323945,0.5354066490511376,0.16552649228705568
5,RCUF-TA (revision),age,65+,1048,0.11927480916030535,0.6945539093227071,0.31400399854598326
5,RCUF-TA (revision),sex,0,1132,0.09275618374558305,0.7016884017716165,0.2430927141174491
5,RCUF-TA (revision),sex,1,1066,0.10787992495309569,0.6744991955677879,0.29031537568122934
