method,group_type,group,n_seeds,n_records_mean,n_records_sd,rejection_rate_mean,rejection_rate_sd,macro_f1_all_mean,macro_f1_all_sd,sample_error_all_mean,sample_error_all_sd
RCUF-3 (paper),age,40-64,5,866.0,0.0,0.08799076212471132,0.006398104007942297,0.6478582993793796,0.007434744729127418,0.24719344550753325,0.006920554973344202
RCUF-3 (paper),age,<40,5,284.0,0.0,0.06126760563380281,0.012597566070421349,0.5588855817298972,0.01625925487087562,0.15482562038900066,0.014999067893740534
RCUF-3 (paper),age,65+,5,1048.0,0.0,0.12061068702290076,0.004455197530507158,0.689304460624891,0.006112437886487557,0.3126408578698655,0.005247638186748273
RCUF-3 (paper),sex,0,5,1132.0,0.0,0.08869257950530035,0.005395205471590982,0.6982183086051708,0.008570274965979096,0.24422766279656738,0.005536273347318092
RCUF-3 (paper),sex,1,5,1066.0,0.0,0.11219512195121953,0.005729242583340513,0.673029613171901,0.003600302806602011,0.29007683373537035,0.0049476828415342695
RCUF-TA (revision),age,40-64,5,866.0,0.0,0.08545034642032331,0.01151843957463049,0.6478582993793796,0.007434744729127418,0.24719344550753325,0.006920554973344202
RCUF-TA (revision),age,<40,5,284.0,0.0,0.052112676056338035,0.013500203882169588,0.5588855817298972,0.01625925487087562,0.15482562038900066,0.014999067893740534
RCUF-TA (revision),age,65+,5,1048.0,0.0,0.1251908396946565,0.011257924583017274,0.689304460624891,0.006112437886487557,0.3126408578698655,0.005247638186748273
RCUF-TA (revision),sex,0,5,1132.0,0.0,0.09169611307420494,0.007736619804173612,0.6982183086051708,0.008570274965979096,0.24422766279656738,0.005536273347318092
RCUF-TA (revision),sex,1,5,1066.0,0.0,0.10900562851782365,0.008215622531261279,0.673029613171901,0.003600302806602011,0.29007683373537035,0.0049476828415342695
