ecg_id,patient_id,strat_fold,data_path,label_NORM,label_MI,label_STTC,label_CD,label_HYP
17,13619.0,9,records100/00000/00017_lr,0,0,0,0,0
23,13619.0,9,records100/00000/00023_lr,0,0,0,0,0
39,13619.0,9,records100/00000/00039_lr,0,1,1,0,0
41,8420.0,9,records100/00000/00041_lr,0,0,0,1,0
47,8295.0,9,records100/00000/00047_lr,1,0,0,0,0
49,13958.0,9,records100/00000/00049_lr,0,0,0,1,0
51,16750.0,9,records100/00000/00051_lr,1,0,0,0,0
69,8339.0,9,records100/00000/00069_lr,1,0,0,0,0
91,8305.0,9,records100/00000/00091_lr,1,0,0,0,0
127,11926.0,9,records100/00000/00127_lr,0,0,1,0,0
151,12152.0,9,records100/00000/00151_lr,1,0,0,0,0
153,20254.0,9,records100/00000/00153_lr,0,1,0,0,0
155,12640.0,9,records100/00000/00155_lr,0,1,0,0,0
165,9277.0,9,records100/00000/00165_lr,1,0,0,0,0
171,15591.0,9,records100/00000/00171_lr,0,0,1,0,0
173,10676.0,9,records100/00000/00173_lr,0,0,1,0,1
189,13112.0,9,records100/00000/00189_lr,0,1,0,0,0
193,17536.0,9,records100/00000/00193_lr,1,0,0,0,0
195,14472.0,9,records100/00000/00195_lr,0,0,0,1,0
205,21222.0,9,records100/00000/00205_lr,1,0,0,0,0
217,21519.0,9,records100/00000/00217_lr,0,0,1,0,0
219,21519.0,9,records100/00000/00219_lr,1,0,0,0,0
223,16039.0,9,records100/00000/00223_lr,0,1,1,0,1
233,20772.0,9,records100/00000/00233_lr,1,0,0,0,0
281,641.0,9,records100/00000/00281_lr,0,1,0,1,0
287,6437.0,9,records100/00000/00287_lr,0,1,0,1,0
293,1689.0,9,records100/00000/00293_lr,1,0,0,0,0
295,603.0,9,records100/00000/00295_lr,0,0,1,0,0
303,3327.0,9,records100/00000/00303_lr,1,0,0,0,0
343,4004.0,9,records100/00000/00343_lr,1,0,0,0,0
365,9158.0,9,records100/00000/00365_lr,1,0,0,0,0
383,15446.0,9,records100/00000/00383_lr,0,1,1,0,1
387,14950.0,9,records100/00000/00387_lr,1,0,0,0,0
419,1909.0,9,records100/00000/00419_lr,1,0,0,0,0
425,2440.0,9,records100/00000/00425_lr,0,1,1,0,1
437,2990.0,9,records100/00000/00437_lr,1,0,0,0,0
441,6036.0,9,records100/00000/00441_lr,1,0,0,0,0
445,3996.0,9,records100/00000/00445_lr,1,0,0,0,0
483,19895.0,9,records100/00000/00483_lr,0,1,0,1,0
491,3731.0,9,records100/00000/00491_lr,1,0,0,0,0
515,12266.0,9,records100/00000/00515_lr,0,1,0,0,0
529,13474.0,9,records100/00000/00529_lr,0,0,1,0,0
537,21127.0,9,records100/00000/00537_lr,0,1,1,0,1
545,15734.0,9,records100/00000/00545_lr,0,1,1,1,1
553,10977.0,9,records100/00000/00553_lr,1,0,0,0,0
563,12015.0,9,records100/00000/00563_lr,0,1,0,1,0
587,11694.0,9,records100/00000/00587_lr,1,0,0,0,0
601,4261.0,9,records100/00000/00601_lr,0,1,0,0,0
615,7655.0,9,records100/00000/00615_lr,1,0,0,0,0
627,2819.0,9,records100/00000/00627_lr,0,1,1,0,0
633,709.0,9,records100/00000/00633_lr,0,0,0,1,0
673,2745.0,9,records100/00000/00673_lr,1,0,0,0,0
705,4874.0,9,records100/00000/00705_lr,0,1,0,1,0
717,3795.0,9,records100/00000/00717_lr,0,1,1,0,0
771,3063.0,9,records100/00000/00771_lr,1,0,0,0,0
787,18804.0,9,records100/00000/00787_lr,1,0,0,0,0
823,1791.0,9,records100/00000/00823_lr,0,0,1,1,0
839,1551.0,9,records100/00000/00839_lr,1,0,0,0,0
843,1756.0,9,records100/00000/00843_lr,1,0,0,0,0
849,7475.0,9,records100/00000/00849_lr,0,0,1,0,0
881,2682.0,9,records100/00000/00881_lr,1,0,0,0,0
885,2841.0,9,records100/00000/00885_lr,0,0,1,0,1
889,11105.0,9,records100/00000/00889_lr,1,0,0,0,0
901,5843.0,9,records100/00000/00901_lr,1,0,0,0,0
913,6560.0,9,records100/00000/00913_lr,1,0,0,0,0
925,5897.0,9,records100/00000/00925_lr,1,0,0,0,0
927,2826.0,9,records100/00000/00927_lr,1,0,0,0,0
985,7407.0,9,records100/00000/00985_lr,1,0,0,0,0
987,7818.0,9,records100/00000/00987_lr,0,0,1,0,0
999,1497.0,9,records100/00000/00999_lr,1,0,0,0,0
1007,10526.0,9,records100/01000/01007_lr,1,0,0,0,0
1015,5995.0,9,records100/01000/01015_lr,0,0,1,0,1
1103,4833.0,9,records100/01000/01103_lr,0,0,0,0,1
1109,4267.0,9,records100/01000/01109_lr,0,1,0,1,0
1119,16469.0,9,records100/01000/01119_lr,1,0,0,0,0
1123,7009.0,9,records100/01000/01123_lr,0,0,0,1,0
1139,4705.0,9,records100/01000/01139_lr,1,0,0,0,0
1159,649.0,9,records100/01000/01159_lr,0,1,0,0,0
1205,18791.0,9,records100/01000/01205_lr,0,0,1,1,0
1249,19947.0,9,records100/01000/01249_lr,1,0,0,0,0
1261,8420.0,9,records100/01000/01261_lr,0,1,0,1,0
1295,20870.0,9,records100/01000/01295_lr,0,0,1,0,0
1321,5894.0,9,records100/01000/01321_lr,1,0,0,0,0
1367,21233.0,9,records100/01000/01367_lr,0,0,0,1,1
1379,7123.0,9,records100/01000/01379_lr,1,0,0,0,0
1399,12213.0,9,records100/01000/01399_lr,0,0,0,0,0
1421,4879.0,9,records100/01000/01421_lr,1,0,0,0,0
1427,20044.0,9,records100/01000/01427_lr,0,1,1,0,0
1433,16989.0,9,records100/01000/01433_lr,0,1,0,0,0
1439,16142.0,9,records100/01000/01439_lr,0,1,1,0,1
1449,18349.0,9,records100/01000/01449_lr,0,0,1,0,0
1451,16916.0,9,records100/01000/01451_lr,0,0,0,0,1
1453,17864.0,9,records100/01000/01453_lr,1,0,0,0,0
1455,20051.0,9,records100/01000/01455_lr,1,0,0,0,0
1469,4058.0,9,records100/01000/01469_lr,0,0,1,1,1
1473,17115.0,9,records100/01000/01473_lr,0,1,1,0,0
1497,18668.0,9,records100/01000/01497_lr,1,0,0,0,0
1515,668.0,9,records100/01000/01515_lr,0,1,1,0,0
1541,20956.0,9,records100/01000/01541_lr,0,1,0,0,0
1577,7809.0,9,records100/01000/01577_lr,0,1,0,0,0
1595,3742.0,9,records100/01000/01595_lr,1,0,1,0,0
1611,12706.0,9,records100/01000/01611_lr,0,0,0,0,1
1619,2638.0,9,records100/01000/01619_lr,1,0,0,0,0
1627,6034.0,9,records100/01000/01627_lr,0,1,1,0,0
1645,7424.0,9,records100/01000/01645_lr,1,0,0,0,0
1699,20837.0,9,records100/01000/01699_lr,1,0,0,0,0
1701,20919.0,9,records100/01000/01701_lr,1,0,0,0,0
1713,7961.0,9,records100/01000/01713_lr,0,0,1,1,0
1763,21187.0,9,records100/01000/01763_lr,0,0,1,0,1
1809,361.0,9,records100/01000/01809_lr,0,1,0,1,0
1817,11885.0,9,records100/01000/01817_lr,0,0,1,1,0
1841,7070.0,9,records100/01000/01841_lr,1,0,0,0,0
1871,1585.0,9,records100/01000/01871_lr,1,0,0,0,0
1889,2348.0,9,records100/01000/01889_lr,0,0,1,0,0
1907,7931.0,9,records100/01000/01907_lr,0,1,0,1,0
1977,847.0,9,records100/01000/01977_lr,0,1,0,1,0
1981,459.0,9,records100/01000/01981_lr,0,0,1,0,0
1995,389.0,9,records100/01000/01995_lr,0,0,0,1,0
2033,5507.0,9,records100/02000/02033_lr,0,1,1,1,0
2051,389.0,9,records100/02000/02051_lr,0,0,0,0,0
2089,1651.0,9,records100/02000/02089_lr,1,0,0,0,0
2099,13882.0,9,records100/02000/02099_lr,0,1,0,0,0
2107,2719.0,9,records100/02000/02107_lr,1,0,0,0,0
2111,4920.0,9,records100/02000/02111_lr,0,1,1,1,1
2115,20329.0,9,records100/02000/02115_lr,1,0,0,0,0
2123,4949.0,9,records100/02000/02123_lr,0,0,0,1,1
2135,8046.0,9,records100/02000/02135_lr,0,0,0,1,0
2139,20870.0,9,records100/02000/02139_lr,1,0,0,0,0
2149,7231.0,9,records100/02000/02149_lr,1,0,0,0,0
2161,20411.0,9,records100/02000/02161_lr,1,0,0,0,0
2169,6021.0,9,records100/02000/02169_lr,0,0,1,0,0
2181,2652.0,9,records100/02000/02181_lr,1,0,0,0,0
2205,4376.0,9,records100/02000/02205_lr,0,0,0,0,0
2233,5310.0,9,records100/02000/02233_lr,0,0,0,1,0
2237,2202.0,9,records100/02000/02237_lr,1,0,0,0,0
2261,3857.0,9,records100/02000/02261_lr,1,0,0,0,0
2273,16350.0,9,records100/02000/02273_lr,0,1,0,0,0
2283,3200.0,9,records100/02000/02283_lr,1,0,0,0,0
2297,4963.0,9,records100/02000/02297_lr,0,0,0,1,1
2301,2793.0,9,records100/02000/02301_lr,1,0,0,0,0
2309,1134.0,9,records100/02000/02309_lr,1,0,0,0,0
2311,4897.0,9,records100/02000/02311_lr,0,1,0,1,0
2319,2577.0,9,records100/02000/02319_lr,1,0,0,0,0
2335,11190.0,9,records100/02000/02335_lr,0,0,0,1,0
2357,18869.0,9,records100/02000/02357_lr,1,0,0,0,0
2359,13668.0,9,records100/02000/02359_lr,0,1,0,1,0
2361,13039.0,9,records100/02000/02361_lr,1,0,0,0,0
2377,20400.0,9,records100/02000/02377_lr,1,0,0,0,0
2389,19437.0,9,records100/02000/02389_lr,1,0,0,0,0
2395,17170.0,9,records100/02000/02395_lr,1,0,0,0,0
2397,9357.0,9,records100/02000/02397_lr,0,1,0,0,0
2421,17173.0,9,records100/02000/02421_lr,1,0,0,1,0
2429,8456.0,9,records100/02000/02429_lr,1,0,0,0,0
2443,21046.0,9,records100/02000/02443_lr,0,0,1,0,0
2465,1298.0,9,records100/02000/02465_lr,1,0,0,0,0
2467,7513.0,9,records100/02000/02467_lr,1,0,0,0,0
2505,20101.0,9,records100/02000/02505_lr,0,0,1,0,1
2543,13440.0,9,records100/02000/02543_lr,0,0,1,0,0
2577,8053.0,9,records100/02000/02577_lr,1,0,0,0,0
2591,17271.0,9,records100/02000/02591_lr,0,1,0,0,0
2613,21108.0,9,records100/02000/02613_lr,1,0,0,0,0
2623,7433.0,9,records100/02000/02623_lr,0,1,0,1,0
2629,17864.0,9,records100/02000/02629_lr,1,0,0,0,0
2669,585.0,9,records100/02000/02669_lr,0,1,0,1,0
2697,5609.0,9,records100/02000/02697_lr,1,0,0,0,0
2707,20920.0,9,records100/02000/02707_lr,0,1,0,0,0
2721,12807.0,9,records100/02000/02721_lr,1,0,0,0,0
2727,4424.0,9,records100/02000/02727_lr,0,1,0,0,0
2745,2158.0,9,records100/02000/02745_lr,0,0,1,0,0
2801,9053.0,9,records100/02000/02801_lr,1,0,0,0,0
2825,7860.0,9,records100/02000/02825_lr,0,0,1,0,0
2841,5273.0,9,records100/02000/02841_lr,1,0,0,0,0
2849,7390.0,9,records100/02000/02849_lr,1,0,0,0,0
2851,14209.0,9,records100/02000/02851_lr,1,0,0,0,0
2895,15808.0,9,records100/02000/02895_lr,0,0,0,1,0
2899,20652.0,9,records100/02000/02899_lr,0,1,1,0,0
2907,21195.0,9,records100/02000/02907_lr,1,0,0,0,0
2911,13978.0,9,records100/02000/02911_lr,0,0,0,0,1
2933,13267.0,9,records100/02000/02933_lr,1,0,0,0,0
2949,1627.0,9,records100/02000/02949_lr,0,0,1,0,0
2967,7635.0,9,records100/02000/02967_lr,0,1,1,0,0
2971,13926.0,9,records100/02000/02971_lr,0,1,0,0,0
3003,20949.0,9,records100/03000/03003_lr,1,0,0,0,0
3029,3385.0,9,records100/03000/03029_lr,0,0,0,1,0
3041,3851.0,9,records100/03000/03041_lr,0,0,0,1,0
3053,21329.0,9,records100/03000/03053_lr,1,0,0,0,0
3083,10698.0,9,records100/03000/03083_lr,1,0,0,0,0
3089,2095.0,9,records100/03000/03089_lr,1,0,0,0,0
3111,5711.0,9,records100/03000/03111_lr,1,0,0,0,0
3127,17465.0,9,records100/03000/03127_lr,0,1,0,0,0
3155,732.0,9,records100/03000/03155_lr,0,0,0,1,0
3169,8852.0,9,records100/03000/03169_lr,1,0,0,0,0
3189,21285.0,9,records100/03000/03189_lr,1,0,0,0,0
3203,10042.0,9,records100/03000/03203_lr,1,0,0,0,0
3233,14392.0,9,records100/03000/03233_lr,1,0,0,1,0
3265,1353.0,9,records100/03000/03265_lr,0,1,0,0,1
3271,10309.0,9,records100/03000/03271_lr,1,0,0,0,0
3273,1040.0,9,records100/03000/03273_lr,1,0,0,0,0
3283,1792.0,9,records100/03000/03283_lr,1,0,0,0,0
3337,746.0,9,records100/03000/03337_lr,0,0,1,1,0
3345,7784.0,9,records100/03000/03345_lr,1,0,0,0,0
3349,4835.0,9,records100/03000/03349_lr,0,0,0,1,0
3389,10644.0,9,records100/03000/03389_lr,0,1,0,0,0
3401,7511.0,9,records100/03000/03401_lr,0,0,1,0,0
3409,7108.0,9,records100/03000/03409_lr,0,0,0,1,0
3411,4377.0,9,records100/03000/03411_lr,0,1,0,1,0
3417,1044.0,9,records100/03000/03417_lr,1,0,0,1,0
3433,2663.0,9,records100/03000/03433_lr,0,0,1,0,0
3443,4536.0,9,records100/03000/03443_lr,0,1,0,1,0
3447,21065.0,9,records100/03000/03447_lr,1,0,0,0,0
3457,6881.0,9,records100/03000/03457_lr,0,0,1,0,1
3475,10208.0,9,records100/03000/03475_lr,1,0,0,0,0
3495,17675.0,9,records100/03000/03495_lr,0,1,0,1,0
3531,5612.0,9,records100/03000/03531_lr,0,0,1,0,0
3587,13541.0,9,records100/03000/03587_lr,1,0,0,0,0
3595,19798.0,9,records100/03000/03595_lr,1,0,0,0,0
3597,14329.0,9,records100/03000/03597_lr,0,0,0,1,1
3607,12194.0,9,records100/03000/03607_lr,1,0,0,0,0
3611,14707.0,9,records100/03000/03611_lr,1,0,0,0,0
3637,14504.0,9,records100/03000/03637_lr,0,0,0,0,1
3651,9624.0,9,records100/03000/03651_lr,0,1,0,0,0
3663,14521.0,9,records100/03000/03663_lr,0,0,1,0,0
3687,20965.0,9,records100/03000/03687_lr,0,0,1,0,0
3715,11558.0,9,records100/03000/03715_lr,0,1,0,0,0
3727,15447.0,9,records100/03000/03727_lr,1,0,0,0,0
3739,19781.0,9,records100/03000/03739_lr,0,0,1,0,0
3741,4989.0,9,records100/03000/03741_lr,1,0,0,1,0
3747,16811.0,9,records100/03000/03747_lr,1,0,0,1,0
3757,1187.0,9,records100/03000/03757_lr,1,0,0,0,0
3771,8569.0,9,records100/03000/03771_lr,1,0,0,0,0
3783,14136.0,9,records100/03000/03783_lr,0,1,0,0,0
3789,12138.0,9,records100/03000/03789_lr,0,1,0,0,0
3799,17602.0,9,records100/03000/03799_lr,0,0,1,0,0
3807,1717.0,9,records100/03000/03807_lr,1,0,0,0,0
3821,15040.0,9,records100/03000/03821_lr,0,1,0,1,0
3833,2162.0,9,records100/03000/03833_lr,1,0,0,0,0
3835,3490.0,9,records100/03000/03835_lr,0,0,0,1,0
3857,12069.0,9,records100/03000/03857_lr,1,0,0,1,0
3877,13533.0,9,records100/03000/03877_lr,0,1,0,0,0
3883,17269.0,9,records100/03000/03883_lr,0,1,1,0,0
3889,10581.0,9,records100/03000/03889_lr,1,0,0,1,0
3891,19879.0,9,records100/03000/03891_lr,0,1,0,1,0
3893,17201.0,9,records100/03000/03893_lr,0,0,0,0,0
3899,18692.0,9,records100/03000/03899_lr,0,1,0,0,0
3903,21345.0,9,records100/03000/03903_lr,1,0,0,0,0
3905,16933.0,9,records100/03000/03905_lr,0,0,1,0,1
3917,14457.0,9,records100/03000/03917_lr,1,0,0,0,0
3919,12865.0,9,records100/03000/03919_lr,0,1,0,0,0
3939,12807.0,9,records100/03000/03939_lr,0,0,1,0,0
3979,3495.0,9,records100/03000/03979_lr,0,0,1,1,1
4005,1030.0,9,records100/04000/04005_lr,1,0,0,0,0
4057,21263.0,9,records100/04000/04057_lr,1,0,0,0,0
4105,5419.0,9,records100/04000/04105_lr,0,1,0,1,0
4117,19574.0,9,records100/04000/04117_lr,0,0,0,0,0
4145,1022.0,9,records100/04000/04145_lr,0,0,1,0,0
4161,18532.0,9,records100/04000/04161_lr,0,1,0,0,0
4185,8611.0,9,records100/04000/04185_lr,1,0,0,0,0
4195,17410.0,9,records100/04000/04195_lr,0,1,1,0,0
4209,17668.0,9,records100/04000/04209_lr,0,1,0,0,0
4223,17367.0,9,records100/04000/04223_lr,0,0,0,1,0
4233,14717.0,9,records100/04000/04233_lr,0,1,0,0,1
4243,12033.0,9,records100/04000/04243_lr,1,0,0,0,0
4279,3040.0,9,records100/04000/04279_lr,0,0,0,1,0
4281,10812.0,9,records100/04000/04281_lr,0,0,0,1,0
4307,13866.0,9,records100/04000/04307_lr,0,1,1,0,0
4333,4365.0,9,records100/04000/04333_lr,0,1,1,0,0
4367,14477.0,9,records100/04000/04367_lr,0,0,1,0,0
4395,7589.0,9,records100/04000/04395_lr,0,0,1,0,0
4415,2405.0,9,records100/04000/04415_lr,0,0,0,1,0
4439,9118.0,9,records100/04000/04439_lr,1,0,0,0,0
4447,18578.0,9,records100/04000/04447_lr,1,0,0,0,0
4483,9206.0,9,records100/04000/04483_lr,1,0,0,0,0
4485,5786.0,9,records100/04000/04485_lr,1,0,0,0,0
4507,15898.0,9,records100/04000/04507_lr,1,0,0,0,0
4543,7514.0,9,records100/04000/04543_lr,1,0,0,0,0
4571,1606.0,9,records100/04000/04571_lr,0,1,0,1,1
4587,761.0,9,records100/04000/04587_lr,1,0,0,0,0
4647,531.0,9,records100/04000/04647_lr,1,0,0,0,0
4651,6944.0,9,records100/04000/04651_lr,0,0,1,1,0
4661,15993.0,9,records100/04000/04661_lr,0,1,0,0,1
4663,5941.0,9,records100/04000/04663_lr,0,0,0,0,1
4677,4670.0,9,records100/04000/04677_lr,1,0,0,0,0
4681,5632.0,9,records100/04000/04681_lr,0,0,0,1,0
4695,4798.0,9,records100/04000/04695_lr,0,0,1,0,0
4733,21541.0,9,records100/04000/04733_lr,0,0,0,1,0
4751,3264.0,9,records100/04000/04751_lr,0,0,1,0,0
4761,9303.0,9,records100/04000/04761_lr,0,0,1,0,0
4861,8484.0,9,records100/04000/04861_lr,0,1,0,0,0
4863,16346.0,9,records100/04000/04863_lr,0,0,0,0,1
4925,13415.0,9,records100/04000/04925_lr,0,1,0,0,0
4953,16348.0,9,records100/04000/04953_lr,0,1,0,0,0
4961,6777.0,9,records100/04000/04961_lr,1,0,0,0,0
4989,21679.0,9,records100/04000/04989_lr,0,0,1,0,0
5109,17295.0,9,records100/05000/05109_lr,0,1,0,0,0
5139,21190.0,9,records100/05000/05139_lr,0,1,0,0,0
5161,16546.0,9,records100/05000/05161_lr,1,0,0,0,0
5199,13233.0,9,records100/05000/05199_lr,1,0,0,0,0
5211,12626.0,9,records100/05000/05211_lr,0,1,1,0,1
5253,8175.0,9,records100/05000/05253_lr,1,0,0,0,0
5263,15753.0,9,records100/05000/05263_lr,1,0,0,0,0
5293,14465.0,9,records100/05000/05293_lr,0,1,1,0,1
5335,19037.0,9,records100/05000/05335_lr,0,0,1,1,0
5345,20329.0,9,records100/05000/05345_lr,1,0,0,0,0
5347,17734.0,9,records100/05000/05347_lr,0,1,0,0,0
5371,8992.0,9,records100/05000/05371_lr,1,0,0,0,0
5377,12289.0,9,records100/05000/05377_lr,1,0,0,0,0
5403,19194.0,9,records100/05000/05403_lr,1,0,0,0,0
5405,19508.0,9,records100/05000/05405_lr,1,0,0,0,0
5427,14119.0,9,records100/05000/05427_lr,1,0,0,0,0
5437,14197.0,9,records100/05000/05437_lr,0,0,1,0,0
5487,10480.0,9,records100/05000/05487_lr,1,0,0,0,0
5579,12253.0,9,records100/05000/05579_lr,1,0,0,0,0
5589,17964.0,9,records100/05000/05589_lr,1,0,0,0,0
5621,16080.0,9,records100/05000/05621_lr,1,0,0,0,0
5625,20009.0,9,records100/05000/05625_lr,0,0,1,0,1
5655,10654.0,9,records100/05000/05655_lr,1,0,0,0,0
5665,17295.0,9,records100/05000/05665_lr,0,1,0,0,0
5687,16438.0,9,records100/05000/05687_lr,0,0,1,1,1
5731,7028.0,9,records100/05000/05731_lr,1,0,0,0,0
5733,11021.0,9,records100/05000/05733_lr,1,0,0,0,0
5755,6338.0,9,records100/05000/05755_lr,0,1,0,0,0
5769,8484.0,9,records100/05000/05769_lr,0,1,1,0,1
5825,823.0,9,records100/05000/05825_lr,1,0,0,0,0
5857,14338.0,9,records100/05000/05857_lr,0,1,0,1,0
5861,19492.0,9,records100/05000/05861_lr,0,0,1,0,0
5863,9194.0,9,records100/05000/05863_lr,0,1,0,0,0
5889,17657.0,9,records100/05000/05889_lr,0,1,0,0,0
5923,20812.0,9,records100/05000/05923_lr,1,0,0,1,0
5925,16910.0,9,records100/05000/05925_lr,0,0,0,1,0
5927,13482.0,9,records100/05000/05927_lr,0,1,0,0,0
5943,7252.0,9,records100/05000/05943_lr,0,0,0,1,0
5945,3122.0,9,records100/05000/05945_lr,1,0,0,0,0
5949,3483.0,9,records100/05000/05949_lr,0,0,1,0,0
5955,20843.0,9,records100/05000/05955_lr,0,0,0,0,1
5961,9038.0,9,records100/05000/05961_lr,1,0,0,1,0
6011,7745.0,9,records100/06000/06011_lr,0,1,0,0,0
6031,14402.0,9,records100/06000/06031_lr,1,0,0,0,0
6057,7969.0,9,records100/06000/06057_lr,0,0,0,1,0
6067,3191.0,9,records100/06000/06067_lr,0,1,0,0,0
6073,1107.0,9,records100/06000/06073_lr,0,0,1,1,0
6097,4982.0,9,records100/06000/06097_lr,1,0,0,0,0
6109,7594.0,9,records100/06000/06109_lr,1,0,0,1,0
6111,2090.0,9,records100/06000/06111_lr,1,0,0,0,0
6115,4861.0,9,records100/06000/06115_lr,0,1,0,1,0
6135,5382.0,9,records100/06000/06135_lr,0,0,1,0,1
6153,3064.0,9,records100/06000/06153_lr,0,0,0,1,0
6187,13784.0,9,records100/06000/06187_lr,1,0,0,0,0
6191,7156.0,9,records100/06000/06191_lr,1,0,0,0,0
6221,11885.0,9,records100/06000/06221_lr,0,1,1,0,0
6233,18411.0,9,records100/06000/06233_lr,0,0,1,0,0
6241,14331.0,9,records100/06000/06241_lr,0,1,0,0,1
6255,8492.0,9,records100/06000/06255_lr,0,1,0,0,0
6263,13296.0,9,records100/06000/06263_lr,1,0,0,1,0
6281,16104.0,9,records100/06000/06281_lr,1,0,0,0,0
6285,13634.0,9,records100/06000/06285_lr,0,1,0,0,1
6289,10880.0,9,records100/06000/06289_lr,1,0,0,0,0
6319,10181.0,9,records100/06000/06319_lr,0,0,0,0,1
6323,2713.0,9,records100/06000/06323_lr,1,0,0,0,0
6329,6421.0,9,records100/06000/06329_lr,1,0,1,0,0
6335,6787.0,9,records100/06000/06335_lr,0,0,1,0,0
6359,2267.0,9,records100/06000/06359_lr,0,0,1,0,0
6365,13919.0,9,records100/06000/06365_lr,1,0,0,0,0
6377,629.0,9,records100/06000/06377_lr,0,0,1,0,0
6431,19907.0,9,records100/06000/06431_lr,1,0,0,0,0
6439,19985.0,9,records100/06000/06439_lr,0,0,0,1,0
6445,18186.0,9,records100/06000/06445_lr,0,1,1,1,0
6469,4330.0,9,records100/06000/06469_lr,0,1,0,1,0
6481,2133.0,9,records100/06000/06481_lr,1,0,0,0,0
6487,7131.0,9,records100/06000/06487_lr,0,1,1,0,1
6493,15171.0,9,records100/06000/06493_lr,1,0,0,0,0
6505,11903.0,9,records100/06000/06505_lr,0,0,0,1,0
6515,12961.0,9,records100/06000/06515_lr,0,0,1,0,0
6517,1033.0,9,records100/06000/06517_lr,0,0,0,1,0
6547,5383.0,9,records100/06000/06547_lr,0,1,0,0,0
6563,6070.0,9,records100/06000/06563_lr,0,0,0,1,0
6581,20675.0,9,records100/06000/06581_lr,0,0,0,0,1
6585,14204.0,9,records100/06000/06585_lr,0,1,0,0,0
6589,853.0,9,records100/06000/06589_lr,0,0,0,1,0
6615,15212.0,9,records100/06000/06615_lr,0,0,1,0,0
6667,3794.0,9,records100/06000/06667_lr,1,0,0,0,0
6697,4314.0,9,records100/06000/06697_lr,0,0,1,0,0
6731,6579.0,9,records100/06000/06731_lr,0,0,1,0,0
6753,14774.0,9,records100/06000/06753_lr,1,0,0,0,0
6771,13065.0,9,records100/06000/06771_lr,1,0,0,0,0
6781,3051.0,9,records100/06000/06781_lr,0,0,0,1,0
6803,10368.0,9,records100/06000/06803_lr,0,1,0,1,0
6837,12779.0,9,records100/06000/06837_lr,1,0,0,1,0
6865,18726.0,9,records100/06000/06865_lr,1,0,0,0,0
6953,18245.0,9,records100/06000/06953_lr,0,0,1,0,0
6985,14958.0,9,records100/06000/06985_lr,1,0,0,0,0
6987,13822.0,9,records100/06000/06987_lr,0,1,1,0,0
6999,18284.0,9,records100/06000/06999_lr,1,0,0,0,0
7023,13908.0,9,records100/07000/07023_lr,0,1,1,0,0
7027,13822.0,9,records100/07000/07027_lr,0,0,1,0,0
7045,19599.0,9,records100/07000/07045_lr,1,0,0,0,0
7091,1866.0,9,records100/07000/07091_lr,1,0,0,0,0
7093,2001.0,9,records100/07000/07093_lr,0,1,0,1,0
7123,11142.0,9,records100/07000/07123_lr,0,1,0,0,0
7129,19643.0,9,records100/07000/07129_lr,1,0,0,0,0
7153,8651.0,9,records100/07000/07153_lr,0,1,0,0,0
7183,8651.0,9,records100/07000/07183_lr,0,1,0,0,0
7191,17069.0,9,records100/07000/07191_lr,0,0,1,0,0
7205,21697.0,9,records100/07000/07205_lr,1,0,0,0,0
7245,10190.0,9,records100/07000/07245_lr,1,0,0,0,0
7263,19612.0,9,records100/07000/07263_lr,1,0,0,0,0
7279,9621.0,9,records100/07000/07279_lr,1,0,0,0,0
7281,11903.0,9,records100/07000/07281_lr,0,0,1,0,0
7347,14255.0,9,records100/07000/07347_lr,1,0,0,0,0
7411,9068.0,9,records100/07000/07411_lr,0,0,1,1,0
7419,17395.0,9,records100/07000/07419_lr,0,0,0,1,0
7421,9659.0,9,records100/07000/07421_lr,1,0,0,0,0
7435,13885.0,9,records100/07000/07435_lr,1,0,0,0,0
7437,8219.0,9,records100/07000/07437_lr,0,0,1,0,0
7441,8219.0,9,records100/07000/07441_lr,0,1,0,0,1
7493,8748.0,9,records100/07000/07493_lr,0,0,0,1,0
7505,12474.0,9,records100/07000/07505_lr,0,0,0,0,0
7601,15914.0,9,records100/07000/07601_lr,0,1,1,1,0
7649,15009.0,9,records100/07000/07649_lr,1,0,0,0,0
7653,14935.0,9,records100/07000/07653_lr,0,1,0,0,0
7671,13622.0,9,records100/07000/07671_lr,1,0,0,0,0
7675,10206.0,9,records100/07000/07675_lr,1,0,0,0,0
7701,1299.0,9,records100/07000/07701_lr,1,0,0,0,0
7725,16393.0,9,records100/07000/07725_lr,0,0,0,1,0
7753,16513.0,9,records100/07000/07753_lr,0,1,0,0,0
7767,17183.0,9,records100/07000/07767_lr,0,0,1,1,1
7771,14938.0,9,records100/07000/07771_lr,1,0,0,0,0
7821,18347.0,9,records100/07000/07821_lr,0,0,1,0,1
7829,11445.0,9,records100/07000/07829_lr,0,1,0,1,0
7839,10550.0,9,records100/07000/07839_lr,1,0,0,0,0
7855,16859.0,9,records100/07000/07855_lr,1,0,0,0,0
7871,10463.0,9,records100/07000/07871_lr,1,0,0,0,0
7879,20610.0,9,records100/07000/07879_lr,1,0,0,0,0
7937,2359.0,9,records100/07000/07937_lr,1,0,0,0,0
7941,7244.0,9,records100/07000/07941_lr,1,0,0,0,0
7945,6212.0,9,records100/07000/07945_lr,0,0,1,1,1
7953,4939.0,9,records100/07000/07953_lr,0,1,1,0,0
8007,632.0,9,records100/08000/08007_lr,0,0,1,1,0
8017,1683.0,9,records100/08000/08017_lr,0,0,0,0,1
8063,9540.0,9,records100/08000/08063_lr,0,0,0,1,0
8081,512.0,9,records100/08000/08081_lr,0,1,1,1,1
8111,9221.0,9,records100/08000/08111_lr,1,0,0,1,0
8159,14818.0,9,records100/08000/08159_lr,0,0,0,0,1
8171,19447.0,9,records100/08000/08171_lr,0,0,1,0,0
8177,10035.0,9,records100/08000/08177_lr,0,0,0,0,1
8181,16043.0,9,records100/08000/08181_lr,1,0,0,1,0
8225,13741.0,9,records100/08000/08225_lr,0,1,0,1,0
8233,14717.0,9,records100/08000/08233_lr,0,0,0,1,0
8235,3500.0,9,records100/08000/08235_lr,1,0,0,0,0
8243,16762.0,9,records100/08000/08243_lr,1,0,0,0,0
8251,12459.0,9,records100/08000/08251_lr,0,0,0,1,1
8255,11256.0,9,records100/08000/08255_lr,1,0,0,0,0
8257,8500.0,9,records100/08000/08257_lr,0,1,0,0,0
8323,3061.0,9,records100/08000/08323_lr,0,0,1,1,0
8337,7254.0,9,records100/08000/08337_lr,0,0,0,1,1
8357,384.0,9,records100/08000/08357_lr,0,0,1,0,0
8393,21692.0,9,records100/08000/08393_lr,0,0,0,0,1
8425,12891.0,9,records100/08000/08425_lr,0,1,0,0,0
8427,2515.0,9,records100/08000/08427_lr,1,0,0,0,0
8439,5534.0,9,records100/08000/08439_lr,1,0,0,1,0
8441,9819.0,9,records100/08000/08441_lr,1,0,0,0,0
8467,5966.0,9,records100/08000/08467_lr,1,0,0,0,0
8483,4970.0,9,records100/08000/08483_lr,1,0,0,1,0
8525,2407.0,9,records100/08000/08525_lr,0,0,1,0,0
8543,2284.0,9,records100/08000/08543_lr,0,0,0,0,0
8551,4265.0,9,records100/08000/08551_lr,0,1,0,1,1
8563,7919.0,9,records100/08000/08563_lr,1,0,0,0,0
8565,6422.0,9,records100/08000/08565_lr,1,0,0,0,0
8581,385.0,9,records100/08000/08581_lr,0,0,0,1,0
8583,5915.0,9,records100/08000/08583_lr,1,0,0,0,0
8603,11296.0,9,records100/08000/08603_lr,1,0,0,0,0
8627,5404.0,9,records100/08000/08627_lr,1,0,0,0,0
8683,3922.0,9,records100/08000/08683_lr,0,1,0,0,0
8689,8609.0,9,records100/08000/08689_lr,1,0,0,0,0
8739,2030.0,9,records100/08000/08739_lr,1,0,0,0,0
8757,18426.0,9,records100/08000/08757_lr,1,0,0,0,0
8761,18223.0,9,records100/08000/08761_lr,0,1,0,0,0
8763,18245.0,9,records100/08000/08763_lr,0,0,1,0,0
8767,6690.0,9,records100/08000/08767_lr,1,0,0,0,0
8779,17952.0,9,records100/08000/08779_lr,0,0,1,0,0
8789,20786.0,9,records100/08000/08789_lr,1,0,0,0,0
8809,14680.0,9,records100/08000/08809_lr,1,0,0,0,0
8863,9899.0,9,records100/08000/08863_lr,0,0,0,1,0
8887,18703.0,9,records100/08000/08887_lr,0,1,0,0,0
8907,11141.0,9,records100/08000/08907_lr,0,0,0,1,1
8931,7018.0,9,records100/08000/08931_lr,1,0,0,0,0
8935,12835.0,9,records100/08000/08935_lr,1,0,0,0,0
8967,21654.0,9,records100/08000/08967_lr,0,0,0,0,0
8977,7062.0,9,records100/08000/08977_lr,0,1,0,0,0
9007,11412.0,9,records100/09000/09007_lr,1,0,0,0,0
9011,1688.0,9,records100/09000/09011_lr,1,0,0,0,0
9043,21546.0,9,records100/09000/09043_lr,1,0,0,0,0
9073,15003.0,9,records100/09000/09073_lr,1,0,0,0,0
9081,19253.0,9,records100/09000/09081_lr,0,0,0,1,0
9085,6911.0,9,records100/09000/09085_lr,1,0,1,1,0
9127,6277.0,9,records100/09000/09127_lr,1,0,0,0,0
9155,15982.0,9,records100/09000/09155_lr,1,0,0,0,0
9197,19232.0,9,records100/09000/09197_lr,1,0,0,0,0
9225,21500.0,9,records100/09000/09225_lr,1,0,0,0,0
9417,10093.0,9,records100/09000/09417_lr,1,0,0,0,0
9431,20520.0,9,records100/09000/09431_lr,1,0,0,0,0
9459,9206.0,9,records100/09000/09459_lr,1,0,0,0,0
9479,16595.0,9,records100/09000/09479_lr,1,0,0,0,0
9521,19367.0,9,records100/09000/09521_lr,1,0,0,0,0
9555,19999.0,9,records100/09000/09555_lr,1,0,0,0,0
9615,18393.0,9,records100/09000/09615_lr,0,0,0,0,1
9645,14816.0,9,records100/09000/09645_lr,1,0,0,0,0
9667,15687.0,9,records100/09000/09667_lr,1,0,0,0,0
9671,20833.0,9,records100/09000/09671_lr,1,0,0,0,0
9673,9402.0,9,records100/09000/09673_lr,0,0,1,0,0
9677,17012.0,9,records100/09000/09677_lr,1,0,0,0,0
9699,10577.0,9,records100/09000/09699_lr,0,0,0,1,0
9759,17113.0,9,records100/09000/09759_lr,1,0,0,0,0
9771,10614.0,9,records100/09000/09771_lr,1,0,0,0,0
9789,14683.0,9,records100/09000/09789_lr,0,0,1,0,0
9813,13317.0,9,records100/09000/09813_lr,0,0,0,1,1
9841,7877.0,9,records100/09000/09841_lr,1,0,0,0,0
9845,1152.0,9,records100/09000/09845_lr,0,0,1,0,0
9847,4660.0,9,records100/09000/09847_lr,0,0,1,0,0
9879,13111.0,9,records100/09000/09879_lr,0,1,0,0,0
9895,8141.0,9,records100/09000/09895_lr,0,1,0,1,1
9899,19456.0,9,records100/09000/09899_lr,0,0,1,1,0
9913,12994.0,9,records100/09000/09913_lr,0,1,1,0,1
9915,9979.0,9,records100/09000/09915_lr,0,1,1,0,0
9955,16214.0,9,records100/09000/09955_lr,1,0,0,0,0
9965,10897.0,9,records100/09000/09965_lr,0,1,0,0,0
9989,3936.0,9,records100/09000/09989_lr,0,0,0,1,0
10003,5760.0,9,records100/10000/10003_lr,0,0,0,1,0
10005,4499.0,9,records100/10000/10005_lr,1,0,0,0,0
10013,17483.0,9,records100/10000/10013_lr,1,0,0,0,0
10025,7110.0,9,records100/10000/10025_lr,0,1,0,0,0
10035,6230.0,9,records100/10000/10035_lr,1,0,0,0,0
10039,21412.0,9,records100/10000/10039_lr,1,0,0,0,0
10045,11479.0,9,records100/10000/10045_lr,0,0,0,1,1
10057,4158.0,9,records100/10000/10057_lr,0,0,1,0,0
10103,18832.0,9,records100/10000/10103_lr,1,0,0,0,0
10111,495.0,9,records100/10000/10111_lr,0,0,1,0,0
10125,12855.0,9,records100/10000/10125_lr,1,0,0,0,0
10145,1347.0,9,records100/10000/10145_lr,1,0,0,0,0
10155,4993.0,9,records100/10000/10155_lr,1,0,0,0,0
10191,11124.0,9,records100/10000/10191_lr,1,0,0,0,0
10203,17437.0,9,records100/10000/10203_lr,1,0,0,1,0
10209,12421.0,9,records100/10000/10209_lr,1,0,0,0,0
10217,9238.0,9,records100/10000/10217_lr,1,0,0,0,0
10235,17371.0,9,records100/10000/10235_lr,1,0,0,0,0
10263,18245.0,9,records100/10000/10263_lr,0,0,1,0,0
10273,10471.0,9,records100/10000/10273_lr,0,1,1,1,0
10277,13646.0,9,records100/10000/10277_lr,1,0,0,0,0
10279,21447.0,9,records100/10000/10279_lr,0,0,0,1,1
10297,20406.0,9,records100/10000/10297_lr,1,0,0,0,0
10301,21606.0,9,records100/10000/10301_lr,0,1,0,1,0
10305,12632.0,9,records100/10000/10305_lr,0,0,0,1,0
10313,8207.0,9,records100/10000/10313_lr,0,1,0,1,0
10331,3237.0,9,records100/10000/10331_lr,0,0,0,1,0
10347,18563.0,9,records100/10000/10347_lr,0,1,0,1,0
10349,13867.0,9,records100/10000/10349_lr,0,0,1,0,1
10361,9565.0,9,records100/10000/10361_lr,0,1,0,0,0
10375,6566.0,9,records100/10000/10375_lr,1,0,0,0,0
10395,7375.0,9,records100/10000/10395_lr,0,0,0,1,0
10413,889.0,9,records100/10000/10413_lr,1,0,0,0,0
10439,3789.0,9,records100/10000/10439_lr,0,0,0,1,0
10453,2058.0,9,records100/10000/10453_lr,0,1,1,0,0
10483,17168.0,9,records100/10000/10483_lr,1,0,0,0,0
10491,17007.0,9,records100/10000/10491_lr,1,0,0,0,0
10509,5450.0,9,records100/10000/10509_lr,1,0,0,0,0
10529,3175.0,9,records100/10000/10529_lr,0,1,1,1,1
10535,5145.0,9,records100/10000/10535_lr,1,0,0,0,0
10549,1218.0,9,records100/10000/10549_lr,1,0,0,0,0
10575,19785.0,9,records100/10000/10575_lr,0,0,1,0,0
10595,16144.0,9,records100/10000/10595_lr,1,0,0,0,0
10605,11139.0,9,records100/10000/10605_lr,0,0,0,0,0
10609,2817.0,9,records100/10000/10609_lr,0,1,1,0,1
10621,524.0,9,records100/10000/10621_lr,1,0,0,0,0
10627,14290.0,9,records100/10000/10627_lr,1,0,0,0,0
10641,20211.0,9,records100/10000/10641_lr,1,0,0,0,0
10643,5972.0,9,records100/10000/10643_lr,0,0,1,0,0
10653,924.0,9,records100/10000/10653_lr,1,0,0,0,0
10695,17440.0,9,records100/10000/10695_lr,0,0,0,1,1
10711,6815.0,9,records100/10000/10711_lr,1,0,0,0,0
10749,1203.0,9,records100/10000/10749_lr,1,0,0,0,0
10761,20664.0,9,records100/10000/10761_lr,0,1,0,0,1
10763,6426.0,9,records100/10000/10763_lr,0,0,1,0,1
10775,344.0,9,records100/10000/10775_lr,0,0,0,1,0
10783,5960.0,9,records100/10000/10783_lr,1,0,0,0,0
10867,19906.0,9,records100/10000/10867_lr,0,1,0,0,0
10873,21528.0,9,records100/10000/10873_lr,0,1,0,0,0
10881,13043.0,9,records100/10000/10881_lr,0,1,0,0,0
10919,20855.0,9,records100/10000/10919_lr,0,1,0,0,0
10987,2017.0,9,records100/10000/10987_lr,1,0,0,1,0
10995,9936.0,9,records100/10000/10995_lr,0,1,0,1,0
11023,9936.0,9,records100/11000/11023_lr,0,1,1,1,0
11045,9439.0,9,records100/11000/11045_lr,0,0,0,1,0
11049,3685.0,9,records100/11000/11049_lr,1,0,0,0,0
11061,15571.0,9,records100/11000/11061_lr,0,1,0,0,1
11069,9534.0,9,records100/11000/11069_lr,1,0,0,0,0
11079,11908.0,9,records100/11000/11079_lr,1,0,0,0,0
11133,12331.0,9,records100/11000/11133_lr,0,0,1,0,0
11179,15488.0,9,records100/11000/11179_lr,0,1,0,0,0
11201,20037.0,9,records100/11000/11201_lr,0,0,1,0,0
11225,20691.0,9,records100/11000/11225_lr,1,0,0,0,0
11235,10078.0,9,records100/11000/11235_lr,0,1,0,1,1
11245,20464.0,9,records100/11000/11245_lr,1,0,0,0,0
11293,21175.0,9,records100/11000/11293_lr,0,1,1,0,0
11303,14859.0,9,records100/11000/11303_lr,0,1,0,1,1
11331,12114.0,9,records100/11000/11331_lr,1,0,0,0,0
11333,11908.0,9,records100/11000/11333_lr,1,0,0,0,0
11369,15677.0,9,records100/11000/11369_lr,1,0,0,0,0
11397,14859.0,9,records100/11000/11397_lr,0,1,0,1,1
11405,9162.0,9,records100/11000/11405_lr,0,0,1,0,0
11433,11719.0,9,records100/11000/11433_lr,1,0,0,1,0
11473,20855.0,9,records100/11000/11473_lr,1,0,0,0,0
11505,8637.0,9,records100/11000/11505_lr,0,0,1,0,1
11519,16802.0,9,records100/11000/11519_lr,1,0,0,0,0
11527,20074.0,9,records100/11000/11527_lr,0,1,0,1,0
11529,15795.0,9,records100/11000/11529_lr,0,0,0,1,0
11541,8637.0,9,records100/11000/11541_lr,0,0,1,0,0
11671,9821.0,9,records100/11000/11671_lr,0,1,0,0,0
11685,10021.0,9,records100/11000/11685_lr,0,0,1,0,0
11693,10172.0,9,records100/11000/11693_lr,1,0,0,0,0
11773,19270.0,9,records100/11000/11773_lr,0,1,0,0,0
11783,18381.0,9,records100/11000/11783_lr,1,0,0,0,0
11791,3007.0,9,records100/11000/11791_lr,1,0,0,0,0
11797,13293.0,9,records100/11000/11797_lr,1,0,0,0,0
11823,11996.0,9,records100/11000/11823_lr,0,1,1,1,0
11825,7918.0,9,records100/11000/11825_lr,1,0,0,0,0
11839,15034.0,9,records100/11000/11839_lr,0,1,0,0,0
11865,20063.0,9,records100/11000/11865_lr,0,0,0,0,0
11871,18724.0,9,records100/11000/11871_lr,0,1,0,0,0
11873,15280.0,9,records100/11000/11873_lr,0,0,0,0,1
11879,15704.0,9,records100/11000/11879_lr,0,0,0,0,0
11883,15317.0,9,records100/11000/11883_lr,0,1,1,0,0
11889,19458.0,9,records100/11000/11889_lr,0,0,0,1,0
11891,16321.0,9,records100/11000/11891_lr,1,0,0,0,0
11911,12403.0,9,records100/11000/11911_lr,0,0,0,0,0
11915,12403.0,9,records100/11000/11915_lr,0,0,0,0,0
11921,14359.0,9,records100/11000/11921_lr,1,0,0,0,0
11941,11811.0,9,records100/11000/11941_lr,1,0,0,0,0
11947,10077.0,9,records100/11000/11947_lr,0,0,1,0,1
11949,15545.0,9,records100/11000/11949_lr,0,0,1,0,0
11951,16130.0,9,records100/11000/11951_lr,1,0,0,0,0
11959,359.0,9,records100/11000/11959_lr,1,0,0,0,0
11963,3204.0,9,records100/11000/11963_lr,0,1,0,1,0
11969,5051.0,9,records100/11000/11969_lr,0,1,0,0,0
11989,18210.0,9,records100/11000/11989_lr,1,0,0,0,0
11997,6971.0,9,records100/11000/11997_lr,0,0,1,0,0
12011,2215.0,9,records100/12000/12011_lr,0,0,0,1,0
12035,5976.0,9,records100/12000/12035_lr,0,1,1,0,0
12073,4161.0,9,records100/12000/12073_lr,1,0,0,0,0
12085,658.0,9,records100/12000/12085_lr,0,0,0,0,0
12115,17825.0,9,records100/12000/12115_lr,1,0,0,0,0
12123,14146.0,9,records100/12000/12123_lr,1,0,0,0,0
12131,9054.0,9,records100/12000/12131_lr,0,0,1,0,1
12145,9895.0,9,records100/12000/12145_lr,0,1,0,0,0
12151,5289.0,9,records100/12000/12151_lr,0,1,1,1,0
12167,6286.0,9,records100/12000/12167_lr,0,1,0,1,0
12171,9970.0,9,records100/12000/12171_lr,1,0,0,0,0
12173,13066.0,9,records100/12000/12173_lr,0,1,0,0,0
12191,17566.0,9,records100/12000/12191_lr,0,1,0,0,0
12209,10632.0,9,records100/12000/12209_lr,0,1,0,0,0
12253,9743.0,9,records100/12000/12253_lr,1,0,0,0,0
12261,19080.0,9,records100/12000/12261_lr,1,0,0,0,0
12263,8090.0,9,records100/12000/12263_lr,1,0,0,0,0
12269,1234.0,9,records100/12000/12269_lr,0,0,1,0,1
12271,17468.0,9,records100/12000/12271_lr,1,0,0,0,0
12305,19763.0,9,records100/12000/12305_lr,0,0,1,0,0
12311,2026.0,9,records100/12000/12311_lr,0,0,0,0,1
12321,3292.0,9,records100/12000/12321_lr,1,0,0,0,0
12357,5461.0,9,records100/12000/12357_lr,1,0,0,0,0
12361,2262.0,9,records100/12000/12361_lr,1,0,0,0,0
12363,2264.0,9,records100/12000/12363_lr,0,0,0,0,1
12441,3680.0,9,records100/12000/12441_lr,0,0,1,0,0
12453,4790.0,9,records100/12000/12453_lr,1,0,0,0,0
12455,414.0,9,records100/12000/12455_lr,1,0,0,0,0
12459,13741.0,9,records100/12000/12459_lr,0,0,0,1,0
12465,21107.0,9,records100/12000/12465_lr,1,0,0,0,0
12469,19728.0,9,records100/12000/12469_lr,1,0,0,0,0
12493,20738.0,9,records100/12000/12493_lr,0,1,0,0,1
12499,6396.0,9,records100/12000/12499_lr,1,0,0,0,0
12525,359.0,9,records100/12000/12525_lr,0,0,0,0,0
12579,4269.0,9,records100/12000/12579_lr,1,0,0,0,0
12583,5961.0,9,records100/12000/12583_lr,0,0,1,0,0
12615,3872.0,9,records100/12000/12615_lr,0,1,0,0,0
12645,1961.0,9,records100/12000/12645_lr,1,0,0,0,0
12693,5739.0,9,records100/12000/12693_lr,0,0,1,0,0
12741,15976.0,9,records100/12000/12741_lr,0,1,1,0,0
12753,6261.0,9,records100/12000/12753_lr,0,0,1,0,1
12789,11149.0,9,records100/12000/12789_lr,1,0,0,0,0
12805,21686.0,9,records100/12000/12805_lr,1,0,0,0,0
12863,10495.0,9,records100/12000/12863_lr,0,0,1,0,0
12869,13894.0,9,records100/12000/12869_lr,0,0,0,0,0
12871,14167.0,9,records100/12000/12871_lr,0,1,1,0,1
12873,8770.0,9,records100/12000/12873_lr,0,1,0,0,0
12903,1242.0,9,records100/12000/12903_lr,0,0,1,0,0
12913,17771.0,9,records100/12000/12913_lr,1,0,0,0,0
12947,4622.0,9,records100/12000/12947_lr,1,0,0,0,0
12965,15797.0,9,records100/12000/12965_lr,1,0,0,0,0
12973,15118.0,9,records100/12000/12973_lr,0,1,0,0,0
13013,12125.0,9,records100/13000/13013_lr,0,1,1,0,0
13029,2363.0,9,records100/13000/13029_lr,1,0,0,0,0
13041,702.0,9,records100/13000/13041_lr,0,0,1,1,0
13051,18138.0,9,records100/13000/13051_lr,1,0,0,0,0
13069,12204.0,9,records100/13000/13069_lr,0,1,0,1,0
13073,7003.0,9,records100/13000/13073_lr,1,0,0,0,0
13099,10047.0,9,records100/13000/13099_lr,0,1,0,0,0
13119,2094.0,9,records100/13000/13119_lr,1,0,0,0,0
13137,18138.0,9,records100/13000/13137_lr,0,0,1,0,0
13159,20691.0,9,records100/13000/13159_lr,0,1,0,0,0
13201,11587.0,9,records100/13000/13201_lr,0,0,1,1,0
13229,18388.0,9,records100/13000/13229_lr,1,0,0,0,0
13281,13547.0,9,records100/13000/13281_lr,0,0,0,1,0
13321,19906.0,9,records100/13000/13321_lr,0,0,1,1,0
13329,21176.0,9,records100/13000/13329_lr,0,1,0,0,0
13345,11725.0,9,records100/13000/13345_lr,0,1,0,0,0
13417,20901.0,9,records100/13000/13417_lr,0,1,0,0,0
13427,8047.0,9,records100/13000/13427_lr,1,0,0,0,0
13445,11929.0,9,records100/13000/13445_lr,0,1,0,0,1
13487,11859.0,9,records100/13000/13487_lr,0,0,0,1,0
13503,13889.0,9,records100/13000/13503_lr,0,1,0,0,0
13505,19172.0,9,records100/13000/13505_lr,1,0,0,0,0
13515,9759.0,9,records100/13000/13515_lr,0,1,0,1,1
13563,10023.0,9,records100/13000/13563_lr,0,1,0,1,0
13581,14982.0,9,records100/13000/13581_lr,0,1,0,0,0
13585,20709.0,9,records100/13000/13585_lr,0,1,0,0,0
13605,13177.0,9,records100/13000/13605_lr,1,0,0,0,0
13621,17422.0,9,records100/13000/13621_lr,1,0,0,0,0
13641,11537.0,9,records100/13000/13641_lr,0,0,1,1,0
13725,2836.0,9,records100/13000/13725_lr,0,0,0,1,1
13771,15680.0,9,records100/13000/13771_lr,0,1,0,0,0
13785,13454.0,9,records100/13000/13785_lr,1,0,0,0,0
13787,15036.0,9,records100/13000/13787_lr,0,1,0,0,0
13789,19137.0,9,records100/13000/13789_lr,0,0,1,0,0
13815,1271.0,9,records100/13000/13815_lr,0,1,0,0,0
13829,11216.0,9,records100/13000/13829_lr,0,0,0,1,0
13831,1672.0,9,records100/13000/13831_lr,0,1,0,1,0
13839,8114.0,9,records100/13000/13839_lr,0,1,0,0,0
13883,12521.0,9,records100/13000/13883_lr,0,0,1,0,0
13909,3380.0,9,records100/13000/13909_lr,1,0,0,0,0
13925,18847.0,9,records100/13000/13925_lr,1,0,0,0,0
13929,11984.0,9,records100/13000/13929_lr,1,0,0,0,0
13953,610.0,9,records100/13000/13953_lr,0,1,0,1,0
13977,19446.0,9,records100/13000/13977_lr,1,0,0,0,0
13983,2799.0,9,records100/13000/13983_lr,0,1,1,1,1
13991,5973.0,9,records100/13000/13991_lr,1,0,0,0,0
14013,13685.0,9,records100/14000/14013_lr,1,0,0,0,0
14019,7628.0,9,records100/14000/14019_lr,0,1,1,1,0
14033,10493.0,9,records100/14000/14033_lr,0,0,0,1,0
14047,15010.0,9,records100/14000/14047_lr,0,0,0,1,0
14059,10131.0,9,records100/14000/14059_lr,0,0,0,1,0
14075,7883.0,9,records100/14000/14075_lr,1,0,0,0,0
14093,2048.0,9,records100/14000/14093_lr,0,1,1,1,0
14109,3581.0,9,records100/14000/14109_lr,0,1,0,1,0
14113,5562.0,9,records100/14000/14113_lr,1,0,0,0,0
14129,19019.0,9,records100/14000/14129_lr,1,0,0,0,0
14155,16498.0,9,records100/14000/14155_lr,0,1,0,0,0
14161,15261.0,9,records100/14000/14161_lr,0,0,1,0,1
14169,17962.0,9,records100/14000/14169_lr,1,0,0,0,0
14207,18528.0,9,records100/14000/14207_lr,1,0,0,0,0
14219,10518.0,9,records100/14000/14219_lr,0,0,0,1,0
14235,8371.0,9,records100/14000/14235_lr,1,0,0,0,0
14297,7800.0,9,records100/14000/14297_lr,0,0,1,0,0
14339,8081.0,9,records100/14000/14339_lr,1,0,0,0,0
14349,529.0,9,records100/14000/14349_lr,0,1,1,0,0
14385,3687.0,9,records100/14000/14385_lr,1,0,0,0,0
14403,488.0,9,records100/14000/14403_lr,1,0,0,0,0
14407,9815.0,9,records100/14000/14407_lr,1,0,0,0,0
14435,20180.0,9,records100/14000/14435_lr,1,0,0,0,0
14449,488.0,9,records100/14000/14449_lr,1,0,0,0,0
14461,3403.0,9,records100/14000/14461_lr,1,0,0,0,0
14467,1716.0,9,records100/14000/14467_lr,0,0,0,1,1
14487,15893.0,9,records100/14000/14487_lr,0,1,0,1,0
14493,3716.0,9,records100/14000/14493_lr,0,0,0,1,1
14495,17466.0,9,records100/14000/14495_lr,0,1,0,0,0
14509,5555.0,9,records100/14000/14509_lr,1,0,0,0,0
14519,19301.0,9,records100/14000/14519_lr,1,0,0,0,0
14549,4932.0,9,records100/14000/14549_lr,1,0,0,0,0
14589,4395.0,9,records100/14000/14589_lr,0,1,1,0,1
14601,6780.0,9,records100/14000/14601_lr,0,0,1,0,0
14615,11573.0,9,records100/14000/14615_lr,0,0,1,0,0
14671,14147.0,9,records100/14000/14671_lr,0,0,1,1,0
14741,6796.0,9,records100/14000/14741_lr,0,0,0,1,1
14777,12067.0,9,records100/14000/14777_lr,0,1,0,0,0
14791,16256.0,9,records100/14000/14791_lr,1,0,0,0,0
14809,21216.0,9,records100/14000/14809_lr,1,0,0,0,0
14835,10164.0,9,records100/14000/14835_lr,1,0,0,0,0
14887,1841.0,9,records100/14000/14887_lr,0,0,0,1,0
14901,1075.0,9,records100/14000/14901_lr,1,0,0,0,0
14921,6074.0,9,records100/14000/14921_lr,1,0,0,0,0
14969,6531.0,9,records100/14000/14969_lr,0,0,1,0,0
14979,475.0,9,records100/14000/14979_lr,1,0,0,0,0
15005,2055.0,9,records100/15000/15005_lr,1,0,1,0,0
15009,9561.0,9,records100/15000/15009_lr,1,0,0,0,0
15071,19222.0,9,records100/15000/15071_lr,0,0,1,0,0
15079,6194.0,9,records100/15000/15079_lr,0,0,1,0,0
15093,3321.0,9,records100/15000/15093_lr,0,1,0,0,0
15119,7803.0,9,records100/15000/15119_lr,0,0,0,0,1
15125,960.0,9,records100/15000/15125_lr,0,1,1,0,1
15137,14274.0,9,records100/15000/15137_lr,1,0,0,0,0
15153,21608.0,9,records100/15000/15153_lr,1,0,0,0,0
15171,9442.0,9,records100/15000/15171_lr,1,0,0,0,0
15211,20875.0,9,records100/15000/15211_lr,1,0,0,0,0
15251,11092.0,9,records100/15000/15251_lr,0,0,1,1,1
15301,15228.0,9,records100/15000/15301_lr,0,0,1,0,0
15341,13753.0,9,records100/15000/15341_lr,0,0,1,0,1
15343,13897.0,9,records100/15000/15343_lr,1,0,0,0,0
15361,9500.0,9,records100/15000/15361_lr,1,0,0,0,0
15363,15507.0,9,records100/15000/15363_lr,1,0,0,0,0
15403,16292.0,9,records100/15000/15403_lr,1,0,0,0,0
15413,14145.0,9,records100/15000/15413_lr,1,0,0,0,0
15417,13133.0,9,records100/15000/15417_lr,0,0,1,0,0
15465,18102.0,9,records100/15000/15465_lr,1,0,0,0,0
15471,13133.0,9,records100/15000/15471_lr,0,0,1,0,0
15479,17997.0,9,records100/15000/15479_lr,0,1,1,0,0
15485,12579.0,9,records100/15000/15485_lr,0,0,0,1,1
15515,17393.0,9,records100/15000/15515_lr,0,1,0,0,0
15525,8004.0,9,records100/15000/15525_lr,1,0,0,0,0
15537,14188.0,9,records100/15000/15537_lr,0,1,0,0,0
15553,17012.0,9,records100/15000/15553_lr,1,0,0,0,0
15563,14188.0,9,records100/15000/15563_lr,0,1,0,0,0
15597,14188.0,9,records100/15000/15597_lr,0,1,1,1,0
15609,12619.0,9,records100/15000/15609_lr,1,0,0,0,0
15679,18575.0,9,records100/15000/15679_lr,1,0,0,0,0
15687,16502.0,9,records100/15000/15687_lr,0,0,1,0,0
15697,8547.0,9,records100/15000/15697_lr,1,0,0,0,0
15699,16502.0,9,records100/15000/15699_lr,1,0,0,0,0
15731,14804.0,9,records100/15000/15731_lr,0,1,0,1,0
15763,8258.0,9,records100/15000/15763_lr,0,0,1,1,0
15775,7056.0,9,records100/15000/15775_lr,1,0,0,0,1
15783,15287.0,9,records100/15000/15783_lr,0,1,0,0,0
15785,16502.0,9,records100/15000/15785_lr,1,0,0,0,0
15799,17354.0,9,records100/15000/15799_lr,0,0,1,1,0
15805,8258.0,9,records100/15000/15805_lr,0,0,1,1,0
15811,20799.0,9,records100/15000/15811_lr,0,1,0,0,0
15813,7937.0,9,records100/15000/15813_lr,1,0,0,0,0
15819,8682.0,9,records100/15000/15819_lr,1,0,0,0,0
15831,13204.0,9,records100/15000/15831_lr,0,0,1,0,0
15853,21223.0,9,records100/15000/15853_lr,0,0,1,1,1
15855,9629.0,9,records100/15000/15855_lr,0,0,1,0,0
15859,12268.0,9,records100/15000/15859_lr,0,0,1,0,1
15867,16720.0,9,records100/15000/15867_lr,0,0,0,0,0
15875,11128.0,9,records100/15000/15875_lr,1,0,0,0,0
15889,17166.0,9,records100/15000/15889_lr,0,0,1,0,0
15895,13953.0,9,records100/15000/15895_lr,1,0,0,0,0
15905,7434.0,9,records100/15000/15905_lr,0,0,1,0,0
15909,17166.0,9,records100/15000/15909_lr,1,0,0,0,0
15921,16502.0,9,records100/15000/15921_lr,1,0,0,0,0
15945,8665.0,9,records100/15000/15945_lr,0,0,1,0,0
15967,3717.0,9,records100/15000/15967_lr,1,0,0,0,0
15989,15877.0,9,records100/15000/15989_lr,0,0,0,1,0
15995,3757.0,9,records100/15000/15995_lr,0,0,0,1,1
16011,10532.0,9,records100/16000/16011_lr,0,0,0,1,0
16057,16563.0,9,records100/16000/16057_lr,1,0,0,0,0
16067,2847.0,9,records100/16000/16067_lr,1,0,0,0,0
16069,2393.0,9,records100/16000/16069_lr,0,0,0,1,0
16085,2718.0,9,records100/16000/16085_lr,0,0,0,1,0
16109,11473.0,9,records100/16000/16109_lr,1,0,0,0,0
16115,8867.0,9,records100/16000/16115_lr,0,0,1,0,0
16145,16656.0,9,records100/16000/16145_lr,1,0,0,0,0
16153,21398.0,9,records100/16000/16153_lr,0,0,1,0,0
16171,13559.0,9,records100/16000/16171_lr,0,1,0,1,0
16209,12826.0,9,records100/16000/16209_lr,0,0,1,1,0
16253,7307.0,9,records100/16000/16253_lr,1,0,0,0,0
16267,1284.0,9,records100/16000/16267_lr,1,0,0,0,0
16287,9957.0,9,records100/16000/16287_lr,1,0,0,0,0
16303,8239.0,9,records100/16000/16303_lr,0,0,0,0,1
16359,5070.0,9,records100/16000/16359_lr,0,0,1,1,0
16373,6942.0,9,records100/16000/16373_lr,0,1,0,0,0
16437,3878.0,9,records100/16000/16437_lr,1,0,0,0,0
16441,20525.0,9,records100/16000/16441_lr,0,0,0,0,1
16445,19238.0,9,records100/16000/16445_lr,0,0,0,0,0
16455,1513.0,9,records100/16000/16455_lr,0,0,0,1,0
16521,20762.0,9,records100/16000/16521_lr,0,1,0,0,0
16527,19167.0,9,records100/16000/16527_lr,0,0,1,0,0
16545,6830.0,9,records100/16000/16545_lr,1,0,0,0,0
16551,4952.0,9,records100/16000/16551_lr,1,0,0,0,0
16593,3811.0,9,records100/16000/16593_lr,0,1,0,1,0
16623,19247.0,9,records100/16000/16623_lr,1,0,0,0,0
16661,19239.0,9,records100/16000/16661_lr,0,1,1,1,1
16687,10556.0,9,records100/16000/16687_lr,0,0,1,0,0
16711,8826.0,9,records100/16000/16711_lr,0,1,0,0,0
16715,10556.0,9,records100/16000/16715_lr,0,0,1,0,0
16719,10556.0,9,records100/16000/16719_lr,0,0,0,0,1
16741,20893.0,9,records100/16000/16741_lr,1,0,0,0,0
16763,4470.0,9,records100/16000/16763_lr,1,0,0,0,0
16773,6550.0,9,records100/16000/16773_lr,0,1,1,0,1
16797,6828.0,9,records100/16000/16797_lr,0,1,1,0,1
16877,10045.0,9,records100/16000/16877_lr,0,1,0,0,0
16879,8330.0,9,records100/16000/16879_lr,0,0,0,0,0
16925,12478.0,9,records100/16000/16925_lr,1,0,0,0,0
16951,6580.0,9,records100/16000/16951_lr,0,1,0,0,0
16973,15492.0,9,records100/16000/16973_lr,1,0,0,1,0
16989,2324.0,9,records100/16000/16989_lr,0,1,0,1,0
16995,7426.0,9,records100/16000/16995_lr,0,0,0,0,0
17039,10329.0,9,records100/17000/17039_lr,1,0,0,0,0
17055,21249.0,9,records100/17000/17055_lr,1,0,0,0,0
17059,15201.0,9,records100/17000/17059_lr,1,0,0,0,0
17165,11161.0,9,records100/17000/17165_lr,0,1,0,1,0
17181,19598.0,9,records100/17000/17181_lr,1,0,0,0,0
17185,20147.0,9,records100/17000/17185_lr,1,0,0,0,0
17207,15916.0,9,records100/17000/17207_lr,0,1,0,0,0
17227,17322.0,9,records100/17000/17227_lr,0,0,1,1,0
17303,11735.0,9,records100/17000/17303_lr,0,1,0,1,0
17317,20439.0,9,records100/17000/17317_lr,1,0,0,0,0
17335,20273.0,9,records100/17000/17335_lr,1,0,0,0,0
17349,18040.0,9,records100/17000/17349_lr,1,0,0,0,0
17373,17736.0,9,records100/17000/17373_lr,1,0,0,0,0
17411,21463.0,9,records100/17000/17411_lr,1,0,0,0,0
17433,21107.0,9,records100/17000/17433_lr,1,0,0,0,0
17523,10229.0,9,records100/17000/17523_lr,1,0,0,1,0
17609,19851.0,9,records100/17000/17609_lr,1,0,0,0,0
17613,424.0,9,records100/17000/17613_lr,1,0,0,0,0
17633,21365.0,9,records100/17000/17633_lr,0,0,0,1,0
17639,1728.0,9,records100/17000/17639_lr,0,1,1,1,1
17653,2695.0,9,records100/17000/17653_lr,0,0,1,0,0
17677,11797.0,9,records100/17000/17677_lr,1,0,0,0,0
17681,18040.0,9,records100/17000/17681_lr,0,1,0,0,0
17717,4218.0,9,records100/17000/17717_lr,1,0,0,0,0
17723,5619.0,9,records100/17000/17723_lr,1,0,0,0,0
17753,2443.0,9,records100/17000/17753_lr,1,0,0,0,0
17777,8213.0,9,records100/17000/17777_lr,1,0,0,0,0
17787,2976.0,9,records100/17000/17787_lr,0,1,0,0,0
17807,5403.0,9,records100/17000/17807_lr,1,0,0,0,0
17819,4076.0,9,records100/17000/17819_lr,0,0,1,0,0
17821,2477.0,9,records100/17000/17821_lr,1,0,0,0,0
17823,5136.0,9,records100/17000/17823_lr,0,1,1,1,1
17863,1519.0,9,records100/17000/17863_lr,1,0,0,0,0
17871,4093.0,9,records100/17000/17871_lr,1,0,0,0,0
17873,2042.0,9,records100/17000/17873_lr,0,0,0,1,0
17883,830.0,9,records100/17000/17883_lr,1,0,0,0,0
17905,19051.0,9,records100/17000/17905_lr,0,0,1,0,0
17939,12781.0,9,records100/17000/17939_lr,0,1,0,1,0
17949,9108.0,9,records100/17000/17949_lr,0,0,1,0,0
17953,3485.0,9,records100/17000/17953_lr,0,0,0,1,0
17957,16563.0,9,records100/17000/17957_lr,1,0,0,0,0
17961,7758.0,9,records100/17000/17961_lr,0,1,0,1,0
17979,19775.0,9,records100/17000/17979_lr,1,0,0,0,0
18003,16391.0,9,records100/18000/18003_lr,0,0,0,1,0
18029,7206.0,9,records100/18000/18029_lr,0,0,1,0,1
18037,500.0,9,records100/18000/18037_lr,0,0,0,1,1
18059,993.0,9,records100/18000/18059_lr,0,0,1,0,0
18073,19957.0,9,records100/18000/18073_lr,1,0,0,0,0
18119,17223.0,9,records100/18000/18119_lr,0,0,1,0,0
18137,4638.0,9,records100/18000/18137_lr,0,1,0,1,0
18141,3766.0,9,records100/18000/18141_lr,0,0,0,0,1
18171,5229.0,9,records100/18000/18171_lr,1,0,0,0,0
18183,4388.0,9,records100/18000/18183_lr,1,0,0,0,0
18201,7590.0,9,records100/18000/18201_lr,1,0,0,0,0
18203,14335.0,9,records100/18000/18203_lr,0,1,0,0,0
18235,5366.0,9,records100/18000/18235_lr,0,0,1,0,0
18261,2721.0,9,records100/18000/18261_lr,0,0,1,0,0
18273,5833.0,9,records100/18000/18273_lr,0,0,1,0,0
18277,3802.0,9,records100/18000/18277_lr,0,1,0,0,0
18289,7597.0,9,records100/18000/18289_lr,1,0,0,0,0
18293,500.0,9,records100/18000/18293_lr,0,0,0,1,1
18297,21759.0,9,records100/18000/18297_lr,0,0,1,0,0
18343,4659.0,9,records100/18000/18343_lr,0,1,1,0,1
18377,7295.0,9,records100/18000/18377_lr,1,0,0,0,0
18383,15090.0,9,records100/18000/18383_lr,0,1,0,0,0
18393,12178.0,9,records100/18000/18393_lr,1,0,0,0,0
18397,1495.0,9,records100/18000/18397_lr,0,0,1,1,1
18401,451.0,9,records100/18000/18401_lr,0,1,0,0,0
18405,5452.0,9,records100/18000/18405_lr,0,0,0,1,0
18417,9143.0,9,records100/18000/18417_lr,0,0,0,1,1
18431,16258.0,9,records100/18000/18431_lr,0,1,0,0,0
18463,11061.0,9,records100/18000/18463_lr,0,1,0,0,0
18477,14969.0,9,records100/18000/18477_lr,0,0,0,1,0
18521,18988.0,9,records100/18000/18521_lr,0,0,1,0,0
18523,8513.0,9,records100/18000/18523_lr,0,0,0,1,0
18525,9251.0,9,records100/18000/18525_lr,0,1,1,1,0
18537,21486.0,9,records100/18000/18537_lr,0,0,1,0,0
18549,16527.0,9,records100/18000/18549_lr,0,0,0,1,0
18597,15210.0,9,records100/18000/18597_lr,1,0,0,0,0
18605,9096.0,9,records100/18000/18605_lr,1,0,0,0,0
18609,2919.0,9,records100/18000/18609_lr,1,0,0,0,0
18611,21792.0,9,records100/18000/18611_lr,0,0,0,1,0
18613,3431.0,9,records100/18000/18613_lr,1,0,0,0,0
18625,16153.0,9,records100/18000/18625_lr,0,1,0,0,0
18641,3341.0,9,records100/18000/18641_lr,1,0,0,0,0
18709,20133.0,9,records100/18000/18709_lr,0,0,1,0,0
18711,8638.0,9,records100/18000/18711_lr,0,1,1,1,1
18753,13340.0,9,records100/18000/18753_lr,1,0,0,0,0
18811,10036.0,9,records100/18000/18811_lr,0,0,1,0,0
18851,15223.0,9,records100/18000/18851_lr,0,0,1,0,0
18855,15223.0,9,records100/18000/18855_lr,1,0,0,0,0
18871,20111.0,9,records100/18000/18871_lr,0,1,0,1,0
18895,21740.0,9,records100/18000/18895_lr,0,1,0,0,0
18913,18566.0,9,records100/18000/18913_lr,1,0,0,0,0
18927,15223.0,9,records100/18000/18927_lr,1,0,0,0,0
18945,19995.0,9,records100/18000/18945_lr,0,0,1,0,0
18969,9626.0,9,records100/18000/18969_lr,1,0,0,0,0
18975,20676.0,9,records100/18000/18975_lr,1,0,0,0,0
19013,18558.0,9,records100/19000/19013_lr,0,0,1,0,0
19025,16024.0,9,records100/19000/19025_lr,1,0,0,0,0
19073,10036.0,9,records100/19000/19073_lr,0,0,1,0,0
19113,8820.0,9,records100/19000/19113_lr,0,1,0,1,0
19161,10396.0,9,records100/19000/19161_lr,0,0,0,1,0
19165,17718.0,9,records100/19000/19165_lr,1,0,0,0,0
19169,13137.0,9,records100/19000/19169_lr,1,0,0,0,0
19195,17840.0,9,records100/19000/19195_lr,1,0,0,0,0
19201,14414.0,9,records100/19000/19201_lr,0,1,1,0,0
19205,12709.0,9,records100/19000/19205_lr,1,0,0,0,0
19283,10147.0,9,records100/19000/19283_lr,1,0,0,0,0
19289,21104.0,9,records100/19000/19289_lr,1,0,0,0,0
19309,10780.0,9,records100/19000/19309_lr,0,1,0,0,0
19313,12980.0,9,records100/19000/19313_lr,1,0,0,0,0
19319,21060.0,9,records100/19000/19319_lr,0,0,0,0,1
19321,9434.0,9,records100/19000/19321_lr,0,1,0,0,0
19343,20644.0,9,records100/19000/19343_lr,0,1,0,0,0
19355,20536.0,9,records100/19000/19355_lr,0,0,0,0,1
19357,17064.0,9,records100/19000/19357_lr,1,0,0,0,0
19361,16357.0,9,records100/19000/19361_lr,1,0,0,0,0
19367,11221.0,9,records100/19000/19367_lr,1,0,0,0,0
19399,14833.0,9,records100/19000/19399_lr,0,0,0,0,1
19545,21457.0,9,records100/19000/19545_lr,0,1,0,0,0
19553,13739.0,9,records100/19000/19553_lr,1,0,0,0,0
19599,11586.0,9,records100/19000/19599_lr,0,0,1,0,0
19649,16633.0,9,records100/19000/19649_lr,1,0,0,0,0
19663,8070.0,9,records100/19000/19663_lr,0,1,0,0,0
19665,20455.0,9,records100/19000/19665_lr,0,0,1,0,0
19711,9513.0,9,records100/19000/19711_lr,0,0,0,1,0
19719,17715.0,9,records100/19000/19719_lr,0,0,1,0,0
19737,14414.0,9,records100/19000/19737_lr,0,1,0,0,1
19785,17428.0,9,records100/19000/19785_lr,0,1,0,0,0
19795,17621.0,9,records100/19000/19795_lr,1,0,0,0,0
19811,8036.0,9,records100/19000/19811_lr,0,1,0,0,0
19855,10599.0,9,records100/19000/19855_lr,1,0,0,0,0
19859,15817.0,9,records100/19000/19859_lr,0,1,0,1,0
19953,18220.0,9,records100/19000/19953_lr,0,0,0,1,0
20089,20671.0,9,records100/20000/20089_lr,1,0,0,0,0
20105,15413.0,9,records100/20000/20105_lr,0,0,0,1,0
20111,19251.0,9,records100/20000/20111_lr,1,0,0,0,0
20131,8941.0,9,records100/20000/20131_lr,1,0,0,0,0
20137,10061.0,9,records100/20000/20137_lr,0,1,1,1,1
20143,21455.0,9,records100/20000/20143_lr,1,0,0,0,0
20151,12750.0,9,records100/20000/20151_lr,1,0,0,0,0
20199,9113.0,9,records100/20000/20199_lr,1,0,0,0,0
20243,16587.0,9,records100/20000/20243_lr,0,0,0,1,0
20245,12917.0,9,records100/20000/20245_lr,0,0,0,1,0
20247,19945.0,9,records100/20000/20247_lr,0,1,0,0,0
20259,18034.0,9,records100/20000/20259_lr,1,0,0,0,0
20267,9897.0,9,records100/20000/20267_lr,1,0,0,0,0
20279,21605.0,9,records100/20000/20279_lr,0,0,1,0,0
20295,17972.0,9,records100/20000/20295_lr,0,0,1,1,1
20351,8402.0,9,records100/20000/20351_lr,1,0,0,0,0
20355,11738.0,9,records100/20000/20355_lr,1,0,0,0,0
20393,8850.0,9,records100/20000/20393_lr,1,0,0,0,0
20403,21545.0,9,records100/20000/20403_lr,0,0,1,0,0
20451,14069.0,9,records100/20000/20451_lr,0,1,1,0,0
20499,8174.0,9,records100/20000/20499_lr,0,0,1,0,0
20551,18497.0,9,records100/20000/20551_lr,0,1,1,0,0
20561,20449.0,9,records100/20000/20561_lr,0,1,0,1,0
20585,13287.0,9,records100/20000/20585_lr,0,1,0,1,0
20587,10766.0,9,records100/20000/20587_lr,0,0,0,1,0
20645,11255.0,9,records100/20000/20645_lr,0,0,1,0,0
20661,13641.0,9,records100/20000/20661_lr,0,1,1,0,0
20737,19353.0,9,records100/20000/20737_lr,0,0,1,0,0
20787,18283.0,9,records100/20000/20787_lr,0,1,0,0,0
20791,17359.0,9,records100/20000/20791_lr,0,0,1,0,0
20809,18589.0,9,records100/20000/20809_lr,0,0,0,0,1
20833,21219.0,9,records100/20000/20833_lr,0,0,0,0,1
20835,14966.0,9,records100/20000/20835_lr,0,1,1,0,1
20837,11968.0,9,records100/20000/20837_lr,0,1,0,1,0
20843,13165.0,9,records100/20000/20843_lr,0,1,0,0,0
20859,19334.0,9,records100/20000/20859_lr,0,1,0,0,0
21023,11080.0,9,records100/21000/21023_lr,0,1,0,0,0
21061,19627.0,9,records100/21000/21061_lr,1,0,0,0,0
21103,12376.0,9,records100/21000/21103_lr,1,0,0,0,0
21117,9918.0,9,records100/21000/21117_lr,0,0,1,0,0
21161,19024.0,9,records100/21000/21161_lr,1,0,0,0,0
21165,8897.0,9,records100/21000/21165_lr,0,1,1,0,1
21267,15383.0,9,records100/21000/21267_lr,1,0,0,0,0
21341,17428.0,9,records100/21000/21341_lr,1,0,0,0,0
21349,16124.0,9,records100/21000/21349_lr,0,0,1,0,0
21489,16419.0,9,records100/21000/21489_lr,0,1,1,0,0
21597,11363.0,9,records100/21000/21597_lr,1,0,0,0,0
21633,8530.0,9,records100/21000/21633_lr,0,0,1,1,0
21657,7941.0,9,records100/21000/21657_lr,0,1,0,1,0
21699,9612.0,9,records100/21000/21699_lr,0,1,0,1,0
21765,15902.0,9,records100/21000/21765_lr,0,1,0,0,0
21777,8572.0,9,records100/21000/21777_lr,1,0,0,0,0
21817,18354.0,9,records100/21000/21817_lr,0,0,0,0,0
21831,11905.0,9,records100/21000/21831_lr,1,0,0,0,0
21837,11744.0,9,records100/21000/21837_lr,1,0,0,0,0
